Kata,Frekuensi
dpr,1722
juta,1716
ya,1646
rakyat,1492
gaji,927
rumah,790
beras,790
tunjangan,757
anggota,536
orang,447
negara,436
uang,397
makan,385
kali,357
banget,343
kasihan,340
pajak,337
kerja,313
kayak,310
guru,279
sebulan,278
kak,252
bayar,234
sih,228
beli,218
beban,206
tikus,184
bilang,184
biar,180
ngontrak,179
cuman,179
enak,178
hidup,171
umr,168
iya,166
dewan,165
perbulan,165
beda,164
ribu,159
percaya,157
duit,155
abang,149
pakai,145
kontrak,145
masyarakat,142
susah,140
nih,136
miskin,135
tau,133
indonesia,132
bensin,129
cari,127
lihat,123
anak,123
setahun,122
demo,120
kasih,120
coba,117
tuh,117
gue,115
pejabat,113
wakil,108
bikin,107
gajinya,103
oktober,103
habis,102
kg,101
allah,99
mengomong,99
modal,96
kawan,95
mah,93
segitu,92
dinas,89
gede,86
anggaran,86
doang,85
bos,83
dimana,82
sehari,81
biaya,76
gua,75
memikirkan,75
tidur,74
rakyatnya,73
gajih,73
masuk,73
salah,71
mending,71
pemerintah,71
keuangan,70
penjelasan,70
nya,68
mewah,67
kerjanya,66
kontrakan,65
dana,64
pas,64
hati,63
loh,63
kau,62
krisdayanti,62
bubarkan,62
korupsi,62
bu,61
klarifikasi,60
lo,59
dikasih,58
keluarga,57
gila,56
tanggung,56
rapat,55
kemarin,55
keras,54
ikhlas,53
prabowo,53
tinggal,53
karung,53
langsung,52
mikir,52
mahal,52
pintar,51
berjuang,51
duduk,50
komen,50
harga,50
akhirat,47
honorer,47
setuju,47
mencari,47
bang,47
dunia,46
dll,46
akal,46
an,45
mengapai,45
negeri,44
dengar,44
joget,44
mentri,44
kagak,43
jakarta,43
kakak,43
namanya,43
listrik,42
hasil,42
kah,42
bro,42
memilih,42
berasnya,42
emas,42
mu,41
kelaparan,41
ku,41
pensiun,41
makannya,41
sewa,41
sakit,40
hapus,40
layak,40
total,40
bagus,40
main,39
tunjangannya,39
buruh,39
penderitaan,38
presiden,38
jalan,38
aspirasi,38
ganti,38
menteri,38
menderita,38
jabatan,38
rp,38
pns,37
naikin,37
sri,37
dikit,37
tolong,37
ratusan,37
rakus,37
jtbln,37
alasan,37
telur,37
byr,36
pengin,36
mati,36
pekerjaan,36
deh,36
milyar,36
iklas,35
suara,35
dipakai,35
bubar,35
suruh,35
manusia,35
perumahan,35
buka,34
omon,34
sesuai,34
jta,34
ri,34
muncul,34
wow,34
bodoh,34
semoga,33
pokok,33
transparan,33
ngeles,33
diam,32
perut,32
bantuan,31
kebanyakan,31
kd,31
omongan,31
bpk,30
kayaknya,30
sekolah,30
mulu,30
rumahnya,30
anjing,30
gedung,30
aset,30
okt,30
dibilang,29
suka,29
pilih,29
mewakili,29
anjir,29
maaf,29
mpr,29
daerah,29
dasco,29
kabar,28
muka,28
ditanggung,28
capek,28
fasilitas,28
uu,28
lu,28
itupun,28
terima,28
lucu,28
kunjungan,27
kadang,27
pemilu,27
eh,27
serius,26
perhari,26
wajar,26
istri,26
butuh,26
kenaikan,26
nama,26
kocak,26
sejahtera,26
mandi,26
menjabat,26
nasi,26
bersyukur,26
wd,25
tanggal,25
kena,25
dipotong,25
mengasih,25
turun,25
ah,25
seumur,25
sawah,25
sengsara,24
pantesan,24
lupa,24
mobil,24
miris,24
stop,24
jam,24
takut,24
paham,24
otak,24
dprd,24
penjelasannya,24
bingung,23
ketua,23
marah,23
potong,23
honor,23
bubarin,23
wkwk,23
jelata,23
jtbulan,23
gunanya,22
dapil,22
mulyani,22
pendapatan,22
perwakilan,22
hitung,22
semangat,22
yohanes,22
akun,22
teman,22
berat,22
sd,22
kilo,22
ai,22
pikir,21
sulit,21
lho,21
viral,21
aturan,21
kebijakan,21
uangnya,21
karyawan,21
nongol,21
partai,21
perampasan,21
pertahun,21
jujur,21
parah,20
dengernya,20
nada,20
hebat,20
kebutuhan,20
penghasilan,20
apapun,20
kantor,20
woy,20
undang,20
sekarung,20
intinya,20
mulut,20
bicara,20
giliran,19
diatas,19
cair,19
ber,19
adil,19
muak,19
menangis,19
efisiensi,19
warga,19
tni,19
pajaknya,19
rt,19
ketahuan,19
reses,19
subsidi,18
bawa,18
duitnya,18
heran,18
sedih,18
ekonomi,18
mkan,18
senang,18
mbak,18
buzzer,18
dah,18
iki,18
dibayar,18
krja,18
kaya,18
masak,18
berubah,18
naikan,17
kenyang,17
wkwkwk,17
konoha,17
ayo,17
sah,17
mas,17
bansos,17
sekeluarga,17
bantu,17
menambah,17
nyalon,17
joged,17
data,17
berani,17
buset,17
koruptor,17
ton,17
vt,17
gji,17
ngitung,17
artis,16
kos,16
bersih,16
merasakan,16
pribadi,16
berkah,16
kepala,16
ngabisin,16
pagi,16
bulannya,16
hutang,16
pabrik,16
dianggap,16
bukti,16
uud,16
politik,16
entar,16
astaghfirullah,16
buang,16
tolol,16
bangun,16
dasar,16
vidio,16
dimakan,16
enteng,16
keadilan,15
digaji,15
gas,15
mata,15
aman,15
kayanya,15
minum,15
desa,15
om,15
menikmati,15
lumayan,15
hidupnya,15
mengerti,15
sayang,15
jutabulan,15
jualan,15
bayarin,15
kuli,15
pahlawan,15
aduh,15
lauk,15
beliau,15
golput,15
premium,15
pegawai,15
setaun,15
nasib,15
murah,15
akalan,15
kursi,14
eko,14
membubarkan,14
korup,14
isi,14
memperkaya,14
mengakak,14
buta,14
dibawah,14
tunjang,14
benaran,14
berita,14
dikali,14
pulang,14
krj,14
buktinya,14
panas,14
tangan,14
asn,14
bangsa,14
sederhana,14
video,14
jutaan,14
pengeluaran,14
angota,14
itung,14
sumpah,13
asli,13
foya,13
setara,13
sosial,13
rusak,13
sengaja,13
puas,13
rkyt,13
menjerit,13
tunggu,13
ambil,13
maju,13
pusing,13
dosen,13
menang,13
membela,13
rame,13
binatang,13
gajian,13
liter,13
sehat,13
maklum,13
cepat,13
berdasi,13
alhamdulillah,13
atur,13
rakyatmu,13
perutnya,13
peras,13
cerita,13
mantap,13
tanah,13
sembako,13
lipat,13
milyaran,13
anggap,13
ribut,13
hotel,13
wkwkw,13
susun,13
menunggu,12
keringat,12
gusdur,12
ora,12
harganya,12
contoh,12
kesehatan,12
puluhan,12
tugas,12
besok,12
fungsi,12
byar,12
nyawa,12
banting,12
n,12
a,12
daftar,12
bahan,12
tulang,12
peduli,12
periode,12
kebawah,12
pokoknya,12
e,12
cerdas,12
minimal,12
protes,12
kedepan,12
full,12
maksudnya,12
selesai,12
mesti,12
aslinya,12
wakili,12
pemilihan,12
cek,12
gratis,12
pensiunan,12
khusus,12
nanggung,12
bahas,12
apbn,12
info,11
air,11
pajakin,11
malam,11
oh,11
sistem,11
kampanye,11
proyek,11
terpilih,11
jual,11
nyata,11
empati,11
rela,11
utang,11
sibuk,11
keluarganya,11
tuhan,11
terserah,11
real,11
melarat,11
makmur,11
dpat,11
coblos,11
t,11
hitungan,11
indak,11
usaha,11
bayangkan,11
mulyono,11
gampang,11
kuat,11
lc,11
meraka,11
kehidupan,11
ubah,11
berjalan,11
sisa,11
dibagi,11
mencapai,11
wajib,11
sbulan,11
bulog,11
rugi,11
pernyataan,11
jatah,11
sekilo,11
samakan,11
boro,11
mengomongnya,11
mencle,11
rusun,11
apartemen,11
didemo,11
bahagia,10
kelak,10
komunikasi,10
untung,10
lembur,10
sadar,10
hilang,10
raya,10
tujuan,10
apanya,10
surga,10
kesusahan,10
manfaat,10
baju,10
podcast,10
fantastis,10
berhak,10
komentar,10
ampun,10
sabar,10
baca,10
kesejahteraan,10
tiktok,10
membutuhkan,10
jembatan,10
sungguh,10
becus,10
sidang,10
diganti,10
niat,10
merah,10
kinerja,10
sesungguhnya,10
kalah,10
mengabdi,10
penuh,10
terhormat,10
slip,10
unit,10
porang,10
keterangan,10
tunjukkan,10
ruu,10
pembenaran,10
berbelit,10
publik,10
meredam,10
mencla,10
asrama,10
potongan,9
nakes,9
merasai,9
ridho,9
tenang,9
bun,9
uya,9
hak,9
harta,9
waras,9
apalah,9
pengabdian,9
yaallah,9
kekurangan,9
amin,9
diluar,9
nyewa,9
menyusahkan,9
perubahan,9
lawak,9
bareng,9
menerima,9
masarakat,9
menutupi,9
pilihan,9
belajar,9
molor,9
mencoba,9
berak,9
rkyat,9
tua,9
minim,9
ternak,9
guys,9
tambahan,9
like,9
petani,9
bentar,9
berbeda,9
perasaan,9
serakah,9
hemat,9
mudah,9
tong,9
wae,9
urus,9
keputusan,9
persetujuan,9
mengeluarkan,9
dirumah,9
rebu,9
ratus,9
padi,9
cicilan,9
lomba,9
logika,9
impor,9
rw,9
telor,9
bodohin,9
memangnya,9
seandainya,9
diterima,9
perjuangkan,9
nombok,9
cuci,9
sahkan,9
dipercaya,9
transparansi,9
adem,9
anjj,8
segede,8
kuya,8
menyala,8
motor,8
pemimpin,8
berguna,8
ra,8
wkwkwkwk,8
dipajakin,8
membayar,8
menaikan,8
pegang,8
kuliah,8
kotor,8
dibeli,8
bedanya,8
serba,8
bahasa,8
pendidikan,8
hancur,8
biarkan,8
emosi,8
tukang,8
ac,8
sejuta,8
ribuan,8
kemana,8
siluman,8
cok,8
bela,8
bangunan,8
bisanya,8
samain,8
dibubarkan,8
caleg,8
turunkan,8
teh,8
bank,8
alam,8
the,8
matian,8
ngekos,8
mendingan,8
buruk,8
media,8
iku,8
adek,8
pemerintahan,8
opo,8
angka,8
haram,8
ngotak,8
pikirkan,8
ge,8
we,8
pengusaha,8
pusat,8
malu,8
kepentingan,8
kosong,8
kebeli,8
bebas,8
wajarlah,8
wkwkwkw,8
kudu,8
mulutnya,8
kasihani,8
bunda,8
kampung,8
miliar,8
kwan,8
pph,8
enaknya,8
kwintal,8
dikasihani,8
kendaraan,8
dapur,8
banding,8
beres,8
daya,8
berlaku,8
hahaha,8
campur,8
sisanya,8
nyicil,8
oke,8
sak,8
sekian,8
jelasin,8
istana,8
september,8
blunder,8
anggarannya,8
dki,8
menari,7
pengadilan,7
nyoblos,7
mengajar,7
buk,7
bumi,7
fungsinya,7
bapaknya,7
minyak,7
tenaga,7
mewakilkan,7
belikan,7
legislatif,7
hasilnya,7
sampah,7
dikasi,7
utama,7
efesiensi,7
suaranya,7
tutup,7
berjoget,7
halus,7
jaman,7
sekelas,7
huni,7
bertambah,7
planet,7
tugasnya,7
disitu,7
kesel,7
up,7
menyalahkan,7
titik,7
lantas,7
jajan,7
irit,7
anjay,7
saudara,7
cabut,7
dimna,7
pikirin,7
polri,7
ta,7
rasakan,7
bpjs,7
bukanya,7
lepas,7
pp,7
anaknya,7
laki,7
pulau,7
salam,7
kolong,7
rupiah,7
menengah,7
kemiskinan,7
nyuruh,7
nes,7
sapa,7
gentayangan,7
terbukti,7
otaknya,7
ngapa,7
nikmati,7
kurangi,7
situasi,7
obat,7
ibuk,7
woi,7
cowok,7
sore,7
fix,7
weh,7
habiskan,7
kabupaten,7
kembalikan,7
edan,7
berhenti,7
pernh,7
setan,7
hajatan,7
luas,7
situ,7
membebani,7
naikkan,7
member,7
melulu,7
keluarkan,7
bumn,7
kondisi,7
kalikan,7
kaget,7
tanda,7
maksud,7
anggotanya,7
bilangnya,7
bandingkan,7
senayan,7
kunker,7
cucu,7
kawankawan,7
ng,7
ngeluh,7
ayam,7
berlian,7
bohongi,7
rincian,7
model,7
wawancara,7
belit,7
pembelaan,7
terlanjur,7
angsuran,7
termul,7
statement,7
mess,7
kalibata,7
mengatur,7
dprmpr,7
dprri,7
november,7
muter,7
perbln,6
pertanggung,6
patrio,6
ih,6
ok,6
kompak,6
otomatis,6
stres,6
anis,6
tagih,6
got,6
pendapat,6
bertahun,6
kesenjangan,6
janji,6
tuntut,6
kesini,6
pikiran,6
mensejahterakan,6
modalnya,6
aneh,6
mencalonkan,6
halal,6
lengkap,6
kualitas,6
pemeras,6
cocok,6
rakabuming,6
pengangguran,6
netizen,6
mohon,6
i,6
andai,6
omong,6
keren,6
suamiku,6
dinasnya,6
memiliki,6
jalur,6
hewan,6
umur,6
ente,6
berasa,6
ekor,6
fokus,6
dipikirkan,6
nol,6
sono,6
sesuap,6
plus,6
hai,6
mencerdaskan,6
hadir,6
berusaha,6
kentut,6
astagfirullah,6
resiko,6
kerjaannya,6
dukung,6
plis,6
cuy,6
menonton,6
gedek,6
live,6
halah,6
kga,6
jiwa,6
perusahaan,6
nu,6
terbuat,6
gedean,6
ani,6
hama,6
admin,6
pakkk,6
kebaikan,6
bonus,6
ongkos,6
bahasanya,6
aparat,6
olah,6
tambahkan,6
kubur,6
sampingan,6
thinking,6
banyaknya,6
toko,6
belinya,6
fakir,6
berlapis,6
spill,6
jtthn,6
saking,6
barokah,6
tuntutan,6
merakyat,6
buln,6
mendengarkan,6
raja,6
buah,6
saku,6
gula,6
dipikir,6
rendah,6
lainya,6
monyet,6
gaya,6
tanggungan,6
revisi,6
kisaran,6
mengaku,6
omongannya,6
buto,6
ijo,6
ha,6
sbln,6
lol,6
surat,6
dihapus,6
elit,6
dibayarin,6
babu,6
wes,6
ngibul,6
suasana,6
gejolak,6
buatkan,6
rusuh,6
rekening,6
dihitung,6
kredit,6
bego,6
wis,6
gaduh,6
kebenaran,6
ngadi,6
paw,6
kost,6
milik,6
hp,5
kelakuan,5
petakan,5
jawabannya,5
suami,5
gajiku,5
palingan,5
sila,5
siang,5
berjasa,5
petinggi,5
almarhum,5
ikhlasin,5
solusi,5
diakhirat,5
puan,5
mangkanya,5
pergi,5
arti,5
perhatikan,5
amanah,5
akherat,5
telepon,5
nyaman,5
sia,5
bermanfaat,5
kismin,5
hah,5
noh,5
putih,5
gus,5
dur,5
buwat,5
sarkas,5
serangan,5
kringat,5
rampok,5
curiga,5
nganggur,5
ide,5
malas,5
tunjanganya,5
mari,5
pembodohan,5
alias,5
non,5
beserta,5
jabatannya,5
hukum,5
rsj,5
laah,5
manfaatnya,5
provinsi,5
dpd,5
bentuk,5
gaes,5
gasi,5
maling,5
tok,5
kang,5
mencekik,5
sdm,5
pemikiran,5
kesian,5
sayur,5
calon,5
pecat,5
makanan,5
ndi,5
mengurusi,5
hidung,5
jamin,5
dibuka,5
menyakiti,5
silakan,5
ngumpulin,5
ketawa,5
akeh,5
gara,5
maneh,5
menaikkan,5
dinaikin,5
isinya,5
ktp,5
dipecat,5
benerin,5
perhatian,5
turunin,5
bayaran,5
hujan,5
rakya,5
jarak,5
transportasi,5
jasa,5
dpet,5
ketemu,5
yuk,5
medsos,5
menggaji,5
bermewah,5
pindah,5
majikan,5
kandang,5
kecuali,5
ditunjang,5
ndk,5
cuan,5
pakkkk,5
damkar,5
kuota,5
al,5
lapar,5
mencukupi,5
kaum,5
golongan,5
positif,5
rbu,5
sawahnya,5
narasi,5
nilai,5
hrg,5
umk,5
nasinya,5
adang,5
restoran,5
manis,5
bergaji,5
tunjungan,5
warung,5
lauknya,5
tempe,5
pekerja,5
dinaikkan,5
berpihak,5
menkeu,5
banyakan,5
gajihnya,5
melebihi,5
bulanan,5
bintang,5
pauk,5
raskin,5
korupsinya,5
papa,5
kehormatan,5
fajar,5
bab,5
tergantung,5
ngemis,5
ges,5
atuh,5
bodo,5
biasakan,5
ucapan,5
dprnya,5
no,5
kerjakan,5
rakyt,5
disahkan,5
hapuskan,5
telat,5
kancil,5
pandai,5
datanya,5
nov,5
mes,5
dikontrak,5
ulang,5
dasko,5
sing,5
kpr,5
bayarkan,5
lunas,5
hambur,5
percoyo,5
nempati,5
diprotes,5
mahfud,5
basi,5
kegedean,5
dosa,5
rebutan,4
gapok,4
payah,4
kelen,4
pasha,4
sarjana,4
contohnya,4
pemasukan,4
panik,4
ppn,4
tangkap,4
salahnya,4
mngkn,4
piye,4
haha,4
selagi,4
rada,4
mengikuti,4
ujungnya,4
persen,4
pdip,4
oon,4
keenakan,4
selamat,4
jthari,4
ngeri,4
lulusan,4
membeli,4
study,4
kenyataan,4
lemah,4
bijak,4
kritik,4
seenak,4
kenal,4
menghabiskan,4
satunya,4
lagu,4
megah,4
sultanapakah,4
link,4
jir,4
bocil,4
bau,4
bocah,4
ngegaji,4
panggil,4
jeti,4
jaya,4
menurutku,4
triliun,4
bjir,4
p,4
gundik,4
mengalir,4
krjanya,4
serentak,4
bubarkn,4
takutnya,4
si,4
swasta,4
kosan,4
perbaiki,4
visi,4
hantu,4
mahluk,4
timur,4
ditengah,4
menghasilkan,4
urusan,4
rinci,4
phk,4
berkurang,4
neng,4
odgj,4
imah,4
terbesar,4
kutu,4
nolak,4
pantasan,4
keamanan,4
naon,4
nyaleg,4
lulus,4
kantong,4
dinaikan,4
neraka,4
menyuarakan,4
preet,4
puyeng,4
dimn,4
pengalihan,4
list,4
dibiarkan,4
ogah,4
tim,4
buzer,4
pasien,4
akurat,4
penasaran,4
menjelaskannya,4
mendengar,4
istilah,4
dipahami,4
ilmiah,4
disaat,4
berpikir,4
ngambil,4
pimpinan,4
kumaha,4
rbbln,4
menggantikan,4
sodara,4
tertulis,4
nemu,4
dompet,4
balikin,4
berangkat,4
subianto,4
rubah,4
pelosok,4
ekspresi,4
ruang,4
pakk,4
wakilnya,4
seng,4
gelandangan,4
lapangan,4
dibikin,4
kanan,4
memasuki,4
knapa,4
memeras,4
defisit,4
dajjal,4
paksa,4
biang,4
usul,4
undangundang,4
lahir,4
doa,4
pelawak,4
wisma,4
serasa,4
susahnya,4
seribu,4
kabeh,4
jtaan,4
kelas,4
senilai,4
rumahku,4
pelan,4
mbok,4
karo,4
hei,4
persatu,4
bicaranya,4
rbbulan,4
kalimat,4
lancar,4
walah,4
walopun,4
muntah,4
cumaa,4
ye,4
tujangan,4
meras,4
keliling,4
seminggu,4
memakai,4
statment,4
masya,4
blas,4
sx,4
normal,4
batu,4
jarang,4
bini,4
sita,4
barangkali,4
menganggu,4
aktifitas,4
wfh,4
paragon,4
something,4
super,4
astaga,4
lari,4
perorang,4
korban,4
pulsa,4
mntri,4
ditambah,4
layar,4
cekik,4
berlomba,4
hrga,4
membagongkan,4
perjuangan,4
faktanya,4
pisang,4
hahahaha,4
dibandingkan,4
maksimal,4
ngantuk,4
rek,4
bl,4
rapel,4
nurani,4
ralat,4
benalu,4
mangan,4
anjjj,4
sekitaran,4
kalimatnya,4
resto,4
babi,4
duh,4
penerimaan,4
standar,4
pahami,4
kas,4
tembus,4
sebutkan,4
prihatin,4
turunan,4
badan,4
berebut,4
gemuk,4
ternaknya,4
teu,4
kirim,4
totalnya,4
pengemis,4
gol,4
disuruh,4
ramai,4
new,4
semalam,4
sapi,4
darah,4
men,4
bisnis,4
berkelit,4
seratus,4
partainya,4
bagusnya,4
utuh,4
lahan,4
seharga,4
bras,4
dngn,4
semiskin,4
masyaallah,4
tanahnya,4
makn,4
o,4
ceritanya,4
wc,4
buncit,4
diperjuangkan,4
dibanding,4
selangit,4
pedagang,4
kaki,4
patut,4
dipilih,4
tunjangn,4
parlemen,4
goblok,4
dewe,4
bae,4
coy,4
tekor,4
kemewahan,4
tunj,4
jang,4
ngakali,4
target,4
memahami,4
libur,4
angsur,4
nutup,4
sahroni,4
diangsur,4
simpang,4
ungu,4
klarifikasinya,4
dibayarkan,4
efisien,4
kibulin,4
plin,4
informasi,4
ngelesss,4
kont,4
pendemo,4
ngotrak,4
kostan,4
bayarnya,4
xjt,4
alibi,4
lidah,4
diteruskan,4
b,4
batalkan,4
bajaj,4
diperbaiki,4
ricuh,4
pangkas,4
meninggal,4
hentikan,4
gerinda,4
modus,4
prumahan,4
rmah,4
kepercayaan,4
aura,4
nyuap,3
strategi,3
sakittt,3
lembut,3
gibran,3
saran,3
seru,3
pjk,3
belanja,3
merubah,3
ketidak,3
sejahtra,3
tertindas,3
nanyak,3
soyo,3
mumpung,3
eksekutif,3
emak,3
maharani,3
mayoritas,3
jls,3
bekas,3
pasilitas,3
mogok,3
sebanding,3
duluan,3
nak,3
sikit,3
pastinya,3
sejahterakan,3
kerj,3
hatinya,3
gjinya,3
telinga,3
dibawa,3
swt,3
pangan,3
oknum,3
upah,3
masyarakatnya,3
simpenan,3
santai,3
diwakili,3
bibir,3
bantuannya,3
semenjak,3
kridayanti,3
speak,3
miriss,3
h,3
tag,3
kumpul,3
mendadak,3
one,3
amarah,3
bergerak,3
taktik,3
kisah,3
meringankan,3
rezeki,3
menentukan,3
dikursi,3
insya,3
pertanyaannya,3
gajix,3
bacanya,3
jaga,3
gapapa,3
thanks,3
bapa,3
numpang,3
melek,3
adu,3
tamak,3
seakan,3
pt,3
ssh,3
taruhan,3
renov,3
nabung,3
gedein,3
ahirat,3
wni,3
aturannya,3
postingan,3
mash,3
hello,3
sgitu,3
mengetik,3
pemulung,3
you,3
bujang,3
laporkan,3
koar,3
be,3
sorry,3
lambung,3
terjun,3
pedalaman,3
ayok,3
era,3
dibubarin,3
aing,3
jin,3
cita,3
bercanda,3
dimanamana,3
hutan,3
lembaga,3
tempati,3
gubuk,3
pejabatnya,3
mengaco,3
bossss,3
barang,3
ki,3
pendukung,3
wowo,3
kerjaa,3
keringet,3
berharap,3
garis,3
letak,3
tamba,3
brow,3
jawabkan,3
gajitunjangan,3
du,3
mars,3
terangan,3
mempelajari,3
membingungkan,3
buatan,3
logis,3
katakata,3
matematika,3
alamat,3
jalanan,3
pinggir,3
sebulannya,3
miliaran,3
bondong,3
kumat,3
please,3
dj,3
terkait,3
hormat,3
membantu,3
heh,3
pki,3
eeh,3
berkuasa,3
asik,3
peka,3
tertinggi,3
komennya,3
happy,3
pasal,3
kehilangan,3
tekanan,3
usulan,3
resmi,3
konstitusi,3
pemilik,3
mengurus,3
ribet,3
kopi,3
mimpi,3
rencana,3
nasip,3
nk,3
kerudung,3
v,3
allahuakbar,3
melukai,3
apasih,3
sanggup,3
mengeluh,3
klean,3
nenek,3
jilbab,3
gendeng,3
menjadikan,3
maunya,3
usia,3
paud,3
alamak,3
jungkir,3
menyengsarakan,3
jajarannya,3
kecamatan,3
lurah,3
depeer,3
adakah,3
hilangkan,3
dihilangkan,3
tantangan,3
respon,3
lacak,3
ieu,3
melawan,3
pertegas,3
ngntrak,3
atlet,3
nasibnya,3
renovasi,3
banyk,3
baby,3
perpres,3
tipu,3
prestasi,3
sbnrnya,3
bocor,3
ngmong,3
menampak,3
sgala,3
robot,3
sebalik,3
blakang,3
sadis,3
menghidupi,3
turu,3
putar,3
gajah,3
nanem,3
truk,3
jateng,3
dimata,3
kasiani,3
eman,3
whattt,3
plosok,3
tonton,3
pro,3
cairnya,3
dokter,3
jutaa,3
nyebut,3
ksian,3
diperhatikan,3
berkarung,3
masyrakat,3
bensinnya,3
amandemen,3
massa,3
muda,3
dihapuskan,3
kebalik,3
kuintal,3
jadikan,3
ajak,3
cap,3
tahunan,3
dapilnya,3
keuntungan,3
mengesahkan,3
bangkrut,3
dikasihanin,3
jantung,3
omongkan,3
kegiatan,3
keatas,3
bakar,3
just,3
tol,3
mobilitas,3
blusukan,3
kotak,3
selamatkan,3
pastikan,3
stahun,3
dengn,3
najis,3
penjabat,3
egk,3
lintah,3
sebakul,3
ngidul,3
bahaya,3
oplosan,3
angin,3
goreng,3
eropa,3
perak,3
bertahan,3
penghuni,3
dp,3
sebln,3
dengarkan,3
sumber,3
subur,3
menyembunyikan,3
cilik,3
boz,3
diabet,3
dor,3
mengumpulkan,3
videonya,3
eta,3
kalangan,3
empuk,3
kon,3
medis,3
import,3
boongan,3
auto,3
join,3
hoki,3
rakusnya,3
daging,3
mapan,3
angkat,3
bumbu,3
hadeeeh,3
ganteng,3
menutup,3
ijazah,3
us,3
pecah,3
tunjanganan,3
syaa,3
perjuangannya,3
gerak,3
sekampung,3
spil,3
ajalah,3
harian,3
all,3
mantab,3
bersukur,3
guyss,3
loker,3
engkau,3
serabutan,3
itumah,3
ngamuk,3
bwah,3
hu,3
nge,3
pembangunan,3
bbm,3
direksi,3
berasx,3
pontang,3
arab,3
ala,3
nang,3
simak,3
digedung,3
memperjuangkan,3
modelan,3
cumaaa,3
iyo,3
ro,3
paaaaak,3
berdiri,3
didpr,3
bohong,3
kash,3
manipulasi,3
amplop,3
dagang,3
jenis,3
jepang,3
prbulan,3
pasan,3
fiktif,3
berkedok,3
akibat,3
pemakan,3
ter,3
mertua,3
status,3
polin,3
matamu,3
tutupi,3
judul,3
habisnya,3
gambar,3
remeh,3
sebenrnya,3
pejuang,3
perbulannya,3
mengembalikan,3
ngejerit,3
dimasak,3
besarnya,3
tunjngn,3
pinsil,3
digital,3
pinggiran,3
jtblm,3
menguntungkan,3
cuk,3
diitung,3
kalaw,3
bertahuntahun,3
pungsi,3
dirimu,3
em,3
terusan,3
tikusnya,3
kuning,3
publikasikan,3
asset,3
kompensasi,3
wau,3
biayai,3
perkataan,3
politisi,3
senyap,3
sepetak,3
komplek,3
nempatin,3
podo,3
kpk,3
bgm,3
omonganya,3
megap,3
jtth,3
meredakan,3
kemarahan,3
ketar,3
ketir,3
kebiasaan,3
mengecek,3
generasi,3
menyesal,3
liar,3
mantan,3
bikinkan,3
rusunawa,3
cluster,3
pasilitasi,3
siur,3
kesana,3
depannya,3
transfaran,3
brifing,3
membodohi,3
kacau,3
alah,3
persyaratan,3
bangunin,3
terusin,3
bulanya,3
ddk,3
detail,3
sopo,3
tujuannya,3
tinggalnya,3
siapkan,3
diomongin,3
dele,3
ditaruh,3
dikembalikan,3
berlanjut,3
hadeh,3
kuningan,3
bajingan,3
faham,3
rmhnya,3
mane,3
lokasi,3
kowe,3
nomor,3
alihkan,3
dinegri,3
wooy,3
menteng,3
po,3
reda,3
ikn,3
karepmu,3
gedhe,3
penunjang,3
penak,3
perjalanan,3
rumahmu,3
alesan,3
dikalikan,3
tapera,3
petak,3
boros,3
membikin,3
jabat,3
penjelasanya,3
kontrakkan,3
kebohongan,3
kekayaan,3
buktikan,3
duite,3
tkt,3
sok,3
sekedar,3
perampok,3
md,3
sekretaris,3
bedeng,3
kontrakannya,3
pemborosan,3
kerusuhan,3
istimewa,3
semahal,3
bendahara,3
konsepnya,3
enakan,3
penipu,3
penggantinya,3
mafia,3
gerindra,3
jtjt,3
ngelesnya,3
menyewa,3
teddy,3
pembuatan,3
antum,2
tower,2
pemerasan,2
bersenang,2
geram,2
kelaperan,2
persiapan,2
orangnya,2
mtr,2
penghasilanku,2
mall,2
ihklas,2
token,2
sosok,2
baswedan,2
kuatkan,2
lgian,2
kesah,2
memng,2
bedah,2
dipemerintahan,2
demokrasi,2
perangkat,2
mengharuskan,2
megawati,2
besaran,2
bedakan,2
yudikatif,2
disalahkan,2
janjinya,2
sengasara,2
tkus,2
ngopi,2
versi,2
nyogok,2
kesekolah,2
jomplang,2
guruu,2
membagikan,2
ilmu,2
terhitung,2
valid,2
disalahin,2
kenyataannya,2
dluan,2
merugikan,2
minggir,2
teguran,2
jelek,2
merdeka,2
sertifikasi,2
hargai,2
profesi,2
sepadan,2
pendidik,2
memperhatikan,2
kebahagiaan,2
siksa,2
makhluk,2
sektor,2
perkembangan,2
terbuka,2
kdm,2
bertemu,2
fasilitasnya,2
min,2
republik,2
pengelolaan,2
peningkatan,2
capenya,2
gedenya,2
dijalan,2
keberkahan,2
brgkat,2
dbilang,2
resah,2
fakta,2
kejam,2
begituan,2
hahah,2
iklasin,2
maenin,2
foto,2
cuekin,2
mengajak,2
mengobrol,2
dek,2
benci,2
menyambung,2
topi,2
parpol,2
dedi,2
fahri,2
wkwkwkkw,2
sbrpa,2
capai,2
gajiny,2
tangga,2
gojek,2
taunan,2
bwh,2
membuatmu,2
samperin,2
inj,2
kayarakyatnya,2
naamanya,2
rakyattttt,2
ngutang,2
stroke,2
melayani,2
anies,2
kode,2
melarang,2
mengibarkan,2
bendera,2
piece,2
memancing,2
kepanjangannya,2
lengserkan,2
habisin,2
ngene,2
nyantai,2
rakyatx,2
msi,2
bp,2
jokowi,2
ragu,2
sukses,2
mental,2
ngejar,2
mempersulit,2
hayat,2
nafa,2
bobrok,2
antri,2
perkara,2
ayah,2
berjuta,2
misi,2
memakan,2
tengok,2
kasar,2
jawa,2
nguli,2
madura,2
merantau,2
tampa,2
dialokasikan,2
kekuasaan,2
ditangan,2
tindakan,2
pakein,2
goblog,2
taat,2
taruhanya,2
menafkahi,2
royalti,2
kemakmuran,2
mengadili,2
diskon,2
kera,2
ngaruh,2
modern,2
online,2
jangn,2
ngehidupin,2
merekakita,2
amit,2
inipun,2
kcl,2
dijajah,2
rakyar,2
cinta,2
pati,2
sensara,2
tuman,2
arek,2
anjrit,2
hayang,2
duitmu,2
abisin,2
mukin,2
terkenal,2
fake,2
permasalahkan,2
ker,2
mutar,2
sudahh,2
merajalela,2
sosmed,2
alamnya,2
haji,2
pemerataan,2
revolusi,2
for,2
sembuh,2
betull,2
serah,2
oi,2
saudaranya,2
jemput,2
teko,2
kene,2
koe,2
menyesak,2
dadi,2
trnyta,2
rajin,2
yallah,2
mengomongkan,2
melejit,2
disetiap,2
busuk,2
endi,2
secuil,2
hahaa,2
demit,2
enek,2
dipangkas,2
kiamat,2
taraf,2
fb,2
woyyyy,2
buser,2
dibuang,2
dower,2
nnya,2
ngangkat,2
asisten,2
naiknya,2
memahaminya,2
semudah,2
menerapkan,2
singkat,2
sesuaikan,2
bersuara,2
terlantar,2
dsb,2
ruko,2
nice,2
er,2
mempertaruhkan,2
dirasakan,2
nafkah,2
bapaklu,2
serlok,2
gajii,2
kebanyakn,2
kotoran,2
soekarno,2
zaman,2
rakyattt,2
sek,2
kedepannya,2
kringet,2
prawobo,2
ingatkah,2
cermin,2
jelangkung,2
bertindak,2
menyebabkan,2
karn,2
katamu,2
proses,2
pertiga,2
damai,2
melanggar,2
dompetnya,2
antarkan,2
dalem,2
sopan,2
menit,2
menghitung,2
pamit,2
tarik,2
pagar,2
macet,2
jutalah,2
termiskin,2
hikmahnya,2
perbaikan,2
kepilih,2
nasional,2
terkumpul,2
balas,2
susa,2
menjamin,2
kenyamanan,2
gajine,2
umumkan,2
sebulann,2
tlpn,2
sellu,2
sekolahkan,2
kerakyat,2
memperbanyak,2
tki,2
kayayg,2
nyekek,2
mewahlihat,2
roboh,2
msarakat,2
manja,2
benget,2
jetiii,2
uka,2
mnh,2
ngarti,2
tepatnya,2
gubernur,2
ornag,2
ee,2
mencalon,2
rejeki,2
goyang,2
berfungsi,2
priode,2
komisaris,2
anggran,2
jalema,2
aya,2
oalah,2
mengambil,2
membiayai,2
kerok,2
dpruud,2
izin,2
langit,2
murka,2
ngawur,2
pembuatnya,2
menindas,2
menekan,2
lubang,2
ln,2
rakyatt,2
psar,2
yatim,2
google,2
dibantu,2
blt,2
koto,2
tiada,2
edaan,2
power,2
kis,2
berit,2
pdi,2
seharus,2
dicabut,2
sukur,2
nyocot,2
apresiasi,2
penghargaan,2
blok,2
melonjak,2
woyy,2
datengin,2
sarang,2
menilai,2
ngeledek,2
copot,2
meng,2
cumaaaan,2
disisi,2
pakkkkk,2
serumah,2
simpanan,2
jagung,2
ludes,2
singkong,2
com,2
dicukupkan,2
pajek,2
sepi,2
paaaak,2
error,2
ngabdi,2
kondangan,2
srimulyani,2
lihatnya,2
tega,2
zmn,2
kekenyangan,2
menghemat,2
ngangur,2
slot,2
tidurr,2
setandar,2
blakan,2
sabtu,2
pertamax,2
transport,2
yutub,2
fullnya,2
terkecoh,2
lngsng,2
kabinet,2
merujuk,2
pidato,2
kgk,2
truck,2
saudaraku,2
jasanya,2
setengahnya,2
iseng,2
aduhhhh,2
yudha,2
brama,2
jambi,2
mong,2
drpda,2
sari,2
kristal,2
bekal,2
domba,2
giru,2
bersatu,2
membahas,2
kerumah,2
demonya,2
mbledosss,2
meletus,2
mukanya,2
kasianin,2
sinetron,2
masyarakt,2
taunya,2
biji,2
sepiring,2
dzolim,2
cumak,2
kj,2
dirapel,2
gppa,2
ati,2
diperas,2
mandiri,2
gang,2
fikirkan,2
lontong,2
bebankan,2
tensi,2
allohhhhh,2
gi,2
anakku,2
pebisnis,2
nebus,2
maren,2
ngepet,2
diwakilkan,2
sngat,2
itukan,2
tertera,2
miting,2
ampaw,2
koropsinya,2
triliunan,2
kelapangan,2
viti,2
rencananya,2
nominal,2
madang,2
dedy,2
ples,2
menyakitkan,2
pupuk,2
kunyah,2
seliter,2
gawe,2
dinosaurus,2
buanyakk,2
jbatan,2
mengalah,2
muliani,2
gr,2
semuak,2
pohon,2
cumacuma,2
disetujui,2
ujung,2
mengarah,2
mikirnya,2
berguru,2
insyaallah,2
menku,2
memecah,2
disesuaikan,2
kerasnya,2
dipertahankan,2
betas,2
mengendalikan,2
jokes,2
go,2
membedakan,2
nyekik,2
pr,2
gudang,2
dewasa,2
ijin,2
nyenyak,2
minatlebih,2
pinterlebih,2
meja,2
berhari,2
yatunjangan,2
wapres,2
cewek,2
introspeksi,2
paripurna,2
berrti,2
rbhari,2
zakat,2
busung,2
pakir,2
adili,2
sebenar,2
logikanya,2
bagaiman,2
jakrta,2
subhanallah,2
kasbon,2
produktif,2
termahal,2
belasan,2
oplos,2
perah,2
apek,2
perbedaan,2
gubris,2
anggaplah,2
berhitung,2
tersenyum,2
kada,2
udang,2
kit,2
papan,2
cumaaaaa,2
cumannn,2
harinya,2
anjjjjj,2
mengaji,2
tunjungannya,2
seleksi,2
melindungi,2
agen,2
sedekah,2
kumpulin,2
paak,2
suudzon,2
hidupmu,2
dapetnya,2
bon,2
menetu,2
usahanya,2
tggung,2
penghasilannya,2
tahan,2
disembunyikan,2
perang,2
intansi,2
kbh,2
piring,2
lelah,2
membaca,2
kakek,2
keponakan,2
pesawat,2
sound,2
kerjo,2
olh,2
cumaaaa,2
lahap,2
wg,2
juragan,2
gd,2
kasihanin,2
nagara,2
pe,2
menggila,2
tulungagung,2
ngakal,2
kiri,2
keterima,2
include,2
embel,2
syukur,2
beas,2
dar,2
rbkg,2
rban,2
on,2
ketenagakerjaan,2
berduit,2
kamera,2
kerjaanya,2
tuku,2
trkadang,2
keselamatan,2
samp,2
wajahnya,2
kuping,2
nunjang,2
posisi,2
dsruh,2
istrisuami,2
tiduran,2
jtbiar,2
dorong,2
lur,2
kasiannya,2
search,2
infonya,2
depo,2
lebihh,2
sebagus,2
tipis,2
mehong,2
wagyu,2
mukbang,2
meledak,2
rskyat,2
pribadinya,2
basah,2
mentok,2
tas,2
hermes,2
banter,2
himalaya,2
gendut,2
nampung,2
mengalahkan,2
dingin,2
ghoib,2
setau,2
blnnya,2
siswa,2
negoro,2
gais,2
manasin,2
jet,2
musisi,2
pura,2
kabarnya,2
perkilo,2
dolar,2
stabil,2
keunganan,2
smntra,2
karungnya,2
samasama,2
ditekan,2
komponen,2
by,2
pbb,2
terbebani,2
point,2
sepemikiran,2
ngubur,2
emh,2
tunjangny,2
solo,2
heppy,2
passan,2
oya,2
duga,2
geloooo,2
dikenakan,2
dnger,2
hedon,2
awakmu,2
melu,2
koyok,2
klaparan,2
sdikit,2
ketimbang,2
pakberas,2
gagal,2
pntg,2
hiya,2
kelontong,2
terkadang,2
ditanam,2
dikemas,2
love,2
sekli,2
rezekinya,2
untungan,2
bray,2
bebanin,2
bandung,2
belm,2
mereun,2
anjjjj,2
parttime,2
penipuan,2
nkri,2
kurus,2
matanya,2
susu,2
produk,2
sadari,2
santunan,2
tanam,2
nikmat,2
jutadi,2
perjam,2
puter,2
rayat,2
gaju,2
menahan,2
naim,2
beratnya,2
budget,2
wangi,2
selebihnya,2
panting,2
perhitungan,2
woilah,2
umroh,2
ups,2
siapin,2
didepan,2
berdoa,2
kidding,2
hehehehe,2
beruk,2
membangun,2
merk,2
gelas,2
srakah,2
murni,2
kmbli,2
ditotal,2
ketakutan,2
sekop,2
shari,2
gae,2
sarapan,2
kerumahnya,2
buyut,2
nganti,2
picek,2
menurun,2
tiadakan,2
jwbn,2
mnjd,2
unt,2
sbuln,2
nurut,2
ttd,2
diridhoi,2
tingkat,2
dwit,2
usung,2
rumit,2
doyan,2
tuli,2
aspirasinya,2
intan,2
plng,2
biarpun,2
tetangga,2
cicit,2
dampak,2
sendirirakyat,2
ubi,2
belas,2
dasarnya,2
berbasis,2
menyenangkan,2
malang,2
cumaaaaaa,2
istigfar,2
bersyukurnya,2
kolor,2
logam,2
bubuk,2
pabriknya,2
pinkan,2
mambo,2
tembolok,2
mentah,2
tulus,2
tunjanga,2
variabel,2
dibutuhkan,2
kanggo,2
mundak,2
sinkron,2
pantastis,2
ump,2
orangrakyat,2
mi,2
skan,2
dijual,2
platform,2
survei,2
greget,2
woiiii,2
serap,2
merekan,2
kenakalan,2
diimpor,2
puasa,2
ngapak,2
ana,2
brasmati,2
tahi,2
bertiga,2
berpolitik,2
hina,2
sebelah,2
trm,2
ampir,2
woii,2
kghari,2
nyampek,2
kurleb,2
pembelajaran,2
yan,2
lainlain,2
dikurangi,2
tunjangann,2
genap,2
mudahan,2
gu,2
pembantu,2
nambahin,2
hapal,2
ari,2
kitu,2
dibyr,2
nitizen,2
fa,2
kenpa,2
wa,2
jejak,2
lahannya,2
shoping,2
tnggung,2
berbuat,2
berpa,2
ngpain,2
batas,2
menyelamatkan,2
penggajian,2
administratif,2
acara,2
kursinya,2
berbagi,2
genderuwo,2
top,2
kinerjanya,2
dijakarta,2
membengkak,2
spontan,2
pungli,2
yaorang,2
pertanggungan,2
hi,2
tetangganya,2
kawannya,2
anggta,2
tunjngan,2
namakan,2
melilit,2
rupa,2
belida,2
ditutup,2
padhal,2
segini,2
pajero,2
l,2
istimewanya,2
melawak,2
pasir,2
yayasan,2
tuan,2
bosqu,2
loba,2
wih,2
isa,2
ws,2
dibuatin,2
percayaa,2
pakyang,2
pembayar,2
ikutan,2
briefing,2
inti,2
dokumen,2
bul,2
stelan,2
jatohnya,2
palak,2
peraturan,2
perumahannya,2
prcaya,2
mengelabuhi,2
sorot,2
dialihkan,2
mutasi,2
bosbukan,2
tahunkok,2
intensif,2
dpri,2
orgnya,2
meninggalkan,2
mubazir,2
menempati,2
rumahbukan,2
ngontraknya,2
kurasa,2
salh,2
hhhh,2
menenangkan,2
sdngkan,2
jdnya,2
ngirit,2
dicicil,2
densu,2
memanas,2
ditutupi,2
surut,2
ketahui,2
bosku,2
menipu,2
tidk,2
perlihatkan,2
pemilihnya,2
bijaksana,2
kontribusi,2
sch,2
misinya,2
bodohbodohin,2
jabatanya,2
diumumkan,2
membawa,2
dprrakyat,2
validasi,2
gimanapun,2
gaj,2
tempatkan,2
kempas,2
kempis,2
darimana,2
kerjax,2
tubuh,2
menuntut,2
merwka,2
dikalibata,2
pinjam,2
wilayah,2
rubuh,2
deui,2
kelit,2
podcas,2
tunjangam,2
hsil,2
alasannya,2
permasalahan,2
audit,2
taman,2
pertahunnya,2
nyiapin,2
perawatan,2
dibalik,2
ditangkap,2
nopember,2
brati,2
secepatnya,2
ngekost,2
sistemnya,2
ayat,2
cebok,2
pencuri,2
ringan,2
repot,2
adis,2
bolak,2
antek,2
kuasa,2
doremon,2
dermawan,2
berbanding,2
kebijakannya,2
dipegang,2
dtng,2
hem,2
again,2
lelucon,2
terapkan,2
temui,2
pondok,2
ditipu,2
awas,2
xx,2
diperpanjang,2
ttl,2
bersilat,2
satwa,2
milyat,2
keperluan,2
xbln,2
awasi,2
pakper,2
jtxbln,2
ular,2
sasaran,2
membenarkan,2
opini,2
terkesan,2
muh,2
nok,2
congore,2
komn,2
intine,2
barak,2
mbulet,2
kota,2
iblis,2
tampilan,2
tenda,2
kecolongan,2
bosnya,2
kelewatan,2
bosok,2
pengganti,2
meeting,2
putus,2
kekacauan,2
tercekik,2
kejujuran,2
tinggalkan,2
heboh,2
lier,2
tipe,2
jarah,2
semen,2
bulus,2
benda,2
hadehhh,2
gedabrus,2
direvisi,2
buru,2
anggaranya,2
kolo,2
mundur,2
keteranganya,2
konyol,2
urgensinya,2
kebesaran,2
ngasal,2
transparansinya,2
dibicarakan,2
apkah,2
mode,2
az,2
adies,2
berbohong,2
cicil,2
dirugikan,2
kesenggangan,2
kesebar,2
penonton,2
diatur,2
drama,2
binasa,2
usir,2
kontrkan,2
kejadian,2
setahunnya,2
teori,2
ruma,2
milliar,2
disana,2
mmpuh,2
asnpns,2
masuknya,2
layaknya,2
mentereng,2
provokasi,2
pco,2
catat,2
besarannya,2
aktif,2
akh,2
kotrak,2
belok,2
jtx,2
plan,2
setaon,2
hspuskan,2
bulandpr,2
jl,2
sawit,2
asem,2
jago,2
mendinginkan,2
negararakyat,2
seandaix,2
spya,2
dikemanakan,2
dikasikan,2
dprapa,2
cocote,2
disewa,2
gomong,2
kosongkan,2
efek,2
kreatif,2
kepublik,2
rapi,2
kedelai,2
pakar,2
kanak,2
kader,2
berkepanjangan,2
ekspor,2
singapor,2
dipajaki,2
dalih,2
diawal,2
ketuk,2
palu,2
ngelas,2
pensiunnya,2
sesusah,2
stasiun,2
tv,2
khilaf,2
kacung,2
wakilkan,2
kertas,2
kebijakkannya,2
badut,2
diklarifikasi,2
bentuknya,2
titikkkk,1
indonesiaa,1
istilahnya,1
kbulan,1
fasilitasi,1
literally,1
berbulan,1
lamanyaaa,1
wifi,1
gajirakyat,1
senanglah,1
khdpan,1
dprbuat,1
gaban,1
planga,1
plongo,1
teganya,1
tangisanku,1
aseptus,1
kabarin,1
ketinggalan,1
antisipasi,1
petasan,1
terwujud,1
mageran,1
mager,1
irt,1
kbrin,1
salahsatunya,1
ttapiii,1
gabayar,1
ppb,1
ihklaskalo,1
deadline,1
kejaran,1
ancaman,1
bayarpajak,1
supermarketpun,1
uruss,1
sbrp,1
bersamaan,1
dipinggir,1
adilan,1
bebaskan,1
kemiskinandan,1
majutapi,1
mnguras,1
pkiran,1
memkirkan,1
subuh,1
keluh,1
jadikah,1
berfoya,1
berhamburan,1
negeriku,1
adilkah,1
bangtt,1
setra,1
btw,1
berkumis,1
uban,1
parani,1
goleki,1
salahe,1
pemutihan,1
dukuh,1
menarik,1
rokok,1
tambahi,1
cacingan,1
banteng,1
ajal,1
menjemput,1
diperjual,1
kepmimpinn,1
karuan,1
kesanya,1
aji,1
wkwkkw,1
nganggurkita,1
praboowo,1
wwkwk,1
prbowo,1
jokwi,1
buahnya,1
ancurr,1
niatnya,1
stngnya,1
diupayakan,1
lanjutan,1
ppg,1
muridnya,1
berkualitas,1
perpilih,1
pemilihhya,1
kawal,1
atasannya,1
dibegoin,1
miskinin,1
dikendalikan,1
sodaranya,1
sebegitunya,1
maha,1
esa,1
imbas,1
perjuangaan,1
becek,1
berlumpur,1
tba,1
ngotakkk,1
perawat,1
srimul,1
tauk,1
berasal,1
didik,1
sependapat,1
kaksaya,1
sekarangitu,1
initoh,1
kuliahjadi,1
berpikirlah,1
lhah,1
makas,1
nyekolahin,1
nyesekk,1
dada,1
mnsejahtrakan,1
ditiadakn,1
kpentingn,1
rkyatumr,1
dinaikn,1
mirisnya,1
menyadari,1
perbuat,1
diruqyah,1
mempan,1
gitumereka,1
bhinatankkk,1
istidraj,1
takutkah,1
iye,1
ditelpon,1
goceng,1
ssbulan,1
kekeh,1
diadili,1
lamaaaa,1
bertato,1
meniru,1
taufik,1
wal,1
hadiyah,1
capeeee,1
potongannya,1
tanggunganmakin,1
kepikiran,1
seada,1
stresssss,1
ungkit,1
akherattttt,1
jumpa,1
tersiksa,1
cpek,1
yaallaah,1
gejolaknya,1
fokuskan,1
kedaulatan,1
rip,1
gilaan,1
nglunjak,1
anjirt,1
wuy,1
naikberarti,1
meningkat,1
kernya,1
jogget,1
rasnya,1
dgaji,1
jutasebulan,1
dkurangi,1
dtambah,1
lont,1
club,1
haus,1
kerjaxa,1
alien,1
beruntung,1
rhoma,1
irama,1
larinya,1
meningal,1
mempertangung,1
dihisab,1
nnati,1
diobrak,1
abrik,1
apav,1
gelandang,1
manamasih,1
menghujat,1
benefit,1
sulap,1
salaman,1
lap,1
ingusnya,1
paokkomen,1
singapore,1
mainn,1
kencurr,1
munduran,1
guyoh,1
rong,1
lempeng,1
ngpo,1
gereget,1
kecilin,1
gapoknya,1
cerai,1
ambisi,1
diwawancara,1
stlah,1
kmudian,1
mmprtnyakan,1
mnyebutkan,1
kbnran,1
dptong,1
listtik,1
menampar,1
menyuarakn,1
imbng,1
tetes,1
syok,1
moco,1
degn,1
allh,1
susmi,1
kawa,1
terealisasikan,1
gass,1
tersalurkan,1
maki,1
dihalalkan,1
semingguan,1
kesiapa,1
gamakan,1
gamungkin,1
perbulanbulan,1
sakkarep,1
wokwok,1
gembira,1
menyambut,1
ranah,1
sesua,1
melengserkan,1
timbang,1
kasihkan,1
ajaakn,1
bangkan,1
lhoookita,1
tulangmereka,1
dulure,1
ngomonge,1
idh,1
burhan,1
cie,1
kakyk,1
lainx,1
taruhanx,1
mbuat,1
mnderita,1
prettt,1
ngejokes,1
wkwkwkhahaha,1
kampanyenya,1
bsu,1
rbjaman,1
penghakiman,1
haduhh,1
teros,1
mkasih,1
rell,1
sc,1
pacar,1
pencoblosan,1
pajar,1
biyarin,1
nambhin,1
walang,1
sangit,1
merem,1
senyum,1
uji,1
mentalnya,1
kerasyg,1
lembutsantai,1
apakan,1
kalem,1
krupsi,1
ksulitan,1
disalah,1
apasi,1
gowo,1
hartatahtadan,1
kekal,1
abadi,1
harusss,1
pinggang,1
kay,1
jak,1
ssegalanya,1
kuda,1
urbach,1
kocaggg,1
tbtb,1
gajihan,1
senasib,1
laut,1
nombokliat,1
huhu,1
enggaa,1
bayr,1
ihlas,1
smahal,1
bulanlbih,1
strusnya,1
alokasi,1
tarunkan,1
kruptor,1
syukurlah,1
melemahgaji,1
babat,1
dibebaskan,1
gedungnya,1
saksi,1
ancam,1
gelapan,1
detik,1
benerse,1
gaadil,1
tdii,1
iyya,1
jengkel,1
modalny,1
malaysia,1
ijasah,1
keterampilan,1
besoknya,1
binasakan,1
zholim,1
sendiriii,1
sepenuh,1
ntahlah,1
yess,1
rekap,1
bayangkn,1
jlh,1
mrekap,1
mmbuat,1
simpulan,1
eksekusinya,1
mar,1
dimanenyaaa,1
obbbattt,1
sejahterangakk,1
muklau,1
kumis,1
cuihhh,1
burhangak,1
dimnamna,1
ngeriiii,1
hikks,1
crtnya,1
astagaaaaa,1
how,1
dare,1
bjiir,1
diterusin,1
ocehanya,1
nyleneh,1
patesan,1
difisit,1
dilebihi,1
lebihkan,1
langsungkan,1
busettt,1
beratus,1
emanglah,1
kebahagiaanmu,1
pendapatmu,1
mengadakan,1
mmgnya,1
jeliti,1
padeee,1
kelmaaan,1
kaksecepatnya,1
lstrik,1
njiirrrr,1
saaat,1
herann,1
sayembra,1
benerrrrpadahal,1
komuknye,1
empeet,1
nye,1
buserkerjanya,1
nyamar,1
byrn,1
tggapi,1
kuman,1
iyadimana,1
anjji,1
gaknya,1
spa,1
lagipresiden,1
voting,1
kebalikannyapara,1
hidupselama,1
munyumbangkan,1
tentram,1
mlahan,1
bisalahh,1
epek,1
sekaliii,1
inshaallah,1
dipertimbangkan,1
patient,1
nyarinya,1
kebutuhannya,1
heheh,1
gajimu,1
hehhh,1
cairr,1
berbondongbondong,1
jamhari,1
kkminus,1
zolimnya,1
asam,1
atris,1
punggung,1
kerjalah,1
kebalikan,1
asing,1
r,1
keta,1
aassu,1
isoh,1
nyalinya,1
agustus,1
mainmain,1
menarii,1
kesamper,1
isiny,1
dahsyat,1
kepancing,1
prindapan,1
profil,1
tertinggal,1
makluk,1
agamanya,1
kristen,1
sebahagian,1
rimba,1
megachan,1
hokage,1
aki,1
gajadi,1
ngelengserkan,1
masihskrg,1
keberadaan,1
sartifikat,1
baka,1
ahok,1
mamak,1
beranak,1
permisa,1
diman,1
dazal,1
ramaikan,1
macemmacem,1
mewaakili,1
team,1
utus,1
menghasut,1
nglacak,1
kunyuk,1
nyesesel,1
nyobok,1
derita,1
owalah,1
nngis,1
gakih,1
sbnr,1
senen,1
kemis,1
masyarakatdpr,1
kaleng,1
segalanyaa,1
apasiii,1
tipa,1
tepuk,1
wallahi,1
ajayang,1
mnurt,1
memikir,1
nyri,1
sebgai,1
nonggall,1
orgheran,1
jailangkung,1
akibatnya,1
jogetjoget,1
kedilan,1
acc,1
presidennya,1
musuh,1
ngek,1
ngekan,1
gelombang,1
unjuk,1
isu,1
titk,1
konsentrasi,1
nikmatilah,1
pray,1
lekas,1
smngt,1
cong,1
kura,1
ninja,1
emx,1
memandang,1
manaserius,1
mahkota,1
king,1
gth,1
dampakya,1
denda,1
nnyn,1
tik,1
yahahaha,1
culik,1
deteksi,1
nomer,1
siber,1
terlidungi,1
shubuh,1
nguntungin,1
keerja,1
yabisa,1
trutusan,1
haramsuka,1
asuh,1
nilainya,1
berpunya,1
oohh,1
ramalan,1
hard,1
gumay,1
kinerjacara,1
teken,1
menyimak,1
je,1
nyalek,1
indonesiasemakin,1
hancursemakin,1
petinggimemikirkan,1
memuliakan,1
terendah,1
samsul,1
incaran,1
hacking,1
yeahh,1
rakyak,1
gaikhlasss,1
minder,1
uy,1
dipukulrata,1
sh,1
noticemau,1
indonesianya,1
menangkap,1
bocahhh,1
nangka,1
tr,1
ahli,1
mucung,1
omah,1
mlum,1
jtcoba,1
jtsungguh,1
adilseharusnya,1
besarsedangkan,1
nyakacau,1
menderitakan,1
negra,1
awkmu,1
gentayagan,1
brooke,1
cam,1
care,1
dowank,1
rakyatmereka,1
nunjuk,1
buburkan,1
cokrakyat,1
ngmis,1
keja,1
sesakit,1
berkembang,1
kondisikan,1
geramm,1
diindo,1
dapatin,1
semarah,1
dipertanggung,1
hehe,1
naikantrus,1
manapenjajahan,1
bakaln,1
apasii,1
kbnykan,1
manusa,1
munyok,1
siji,1
tampek,1
programnya,1
mengamini,1
gerombolan,1
any,1
kandangin,1
anisini,1
tlk,1
dimnan,1
suruhn,1
comment,1
biarian,1
inidi,1
aring,1
perindapan,1
nesssss,1
plutooo,1
sampee,1
bgitunyaa,1
disurug,1
bangku,1
lbumu,1
bertanggungjawab,1
malaikat,1
tanggepin,1
menamba,1
kingkong,1
bazzer,1
ketidaknyamanannya,1
kabur,1
berlimpah,1
cekek,1
mendalam,1
infokan,1
yasonna,1
laoly,1
yakklo,1
mementingkan,1
ibrat,1
selengkap,1
meluangkan,1
subjek,1
menghindari,1
teknis,1
mengirimkannya,1
pertamatama,1
alami,1
dituju,1
rasional,1
meninjau,1
penggunaan,1
prinsip,1
prinsipprinsip,1
bobot,1
mendukungnya,1
mengilustrasikan,1
penalaran,1
menerapkannya,1
fisika,1
kimia,1
biologi,1
berkaitan,1
seharihari,1
ringkasan,1
kacaw,1
sepucuk,1
yarobb,1
undur,1
runtuhkan,1
mnderitaa,1
meroket,1
mikul,1
rocky,1
gerung,1
krisdyanti,1
bengkak,1
lahmodalnya,1
tabungan,1
sleep,1
taukan,1
kelean,1
swedia,1
deper,1
pedulikan,1
kesenangan,1
dipaksa,1
lansia,1
nasikotak,1
ingga,1
negarajogetin,1
haness,1
menjiplak,1
rombongan,1
rais,1
munculngomong,1
seeenak,1
jidatnya,1
ir,1
ign,1
nabi,1
muhammad,1
tidurnya,1
beralaskan,1
pelepah,1
kurma,1
hisab,1
wakilll,1
gerakin,1
gwuennndenggg,1
rekkkk,1
resikone,1
yoopo,1
nyowo,1
uwong,1
melayang,1
ngantek,1
jutaaaaaa,1
petinggicoba,1
angotaan,1
urgency,1
utamakan,1
hidupdengan,1
cukupi,1
ngucur,1
efisensi,1
berfoyafoya,1
omonomon,1
najwa,1
aturlah,1
dibalikin,1
vqrkn,1
parakang,1
terselamatkan,1
tragedi,1
gs,1
jamannya,1
arwah,1
kuyang,1
dibela,1
usang,1
mimpin,1
tips,1
jiwapajak,1
mrnkeu,1
hsilnya,1
mancari,1
ojek,1
patah,1
dapa,1
jogednya,1
npintar,1
aranah,1
melengser,1
kanprabowo,1
mahasiswa,1
ran,1
tahta,1
kdudukan,1
hooh,1
gih,1
aiihhh,1
hasilkah,1
biyayai,1
sibagong,1
bozzzzzzzzz,1
memikirkn,1
sembarangan,1
besarbesaran,1
membekukan,1
benarbenar,1
gabungan,1
dihadiri,1
satusatunya,1
mengubah,1
petisi,1
barulah,1
kudeta,1
kekerasan,1
krisis,1
demolalu,1
kubuka,1
jtklo,1
jutek,1
menemukan,1
sandingkan,1
kue,1
pamitdan,1
bilangibu,1
semuaemang,1
kemanakatanya,1
bangetsaya,1
pahpahbangun,1
pah,1
kesiangan,1
terbangun,1
bengong,1
uwalaternyata,1
putri,1
kelewatandagang,1
sepiusaha,1
sepikerja,1
kecilliat,1
benergaji,1
listri,1
presidenpak,1
membubar,1
dilengserkan,1
melaporkan,1
dekrit,1
prabowodan,1
menanggapi,1
banyakn,1
orchestra,1
panaspanas,1
kringetan,1
bnykk,1
menterinya,1
tindas,1
iri,1
jogetan,1
pakseolah,1
pnderitaan,1
kegembiraan,1
sakral,1
manari,1
menyepelekan,1
makek,1
jogetntar,1
jogetnya,1
sdr,1
setarakan,1
cecil,1
menderitaapa,1
gan,1
situlah,1
terbalik,1
obatnya,1
supir,1
berhemat,1
melemah,1
diarahkan,1
hoe,1
pesuruh,1
years,1
rayak,1
reyot,1
jelbab,1
masyaallahtolong,1
dijlnpemulung,1
rpr,1
ungghno,1
magang,1
rakyatharusnya,1
attitude,1
orens,1
bertnya,1
anggarkantunggu,1
sajamrk,1
dikabupaten,1
rusakk,1
frozen,1
exdb,1
susut,1
bankrupt,1
tuuuuuuh,1
tuuuuuhhhh,1
gaterima,1
telak,1
gim,1
terjang,1
jaminan,1
kwe,1
kie,1
cpo,1
takyat,1
mt,1
rwah,1
brunan,1
mak,1
emaknya,1
dongo,1
gasss,1
bpkibu,1
dpryg,1
disumbangkan,1
layakhidup,1
didunia,1
selamanyabagus,1
diindonesia,1
inibiar,1
kenegara,1
bangsolusinya,1
suruhan,1
cyberr,1
sayamaaf,1
khusnul,1
khatimah,1
antu,1
banyu,1
ado,1
dmno,1
menderitak,1
kecill,1
diperes,1
tnipolri,1
tahunharus,1
geas,1
kecilll,1
ikhlassss,1
hum,1
inpo,1
smpek,1
dikasihlucu,1
yw,1
haloooo,1
akl,1
sharus,1
perbanyak,1
naiki,1
amattttt,1
konohakonoha,1
ngenessss,1
awan,1
jtanasib,1
tekan,1
nuggu,1
hadapan,1
weleh,1
welehh,1
healing,1
panggabean,1
bujur,1
under,1
bcahh,1
geus,1
icing,1
ntong,1
sagala,1
pipilueun,1
heuteu,1
bikinan,1
diparalel,1
ngacau,1
lurahcamat,1
walikota,1
penyok,1
dsmua,1
angkasa,1
mukak,1
pajang,1
dprdi,1
bariskan,1
mamalia,1
uange,1
negorone,1
ruwettttt,1
cacian,1
makian,1
enka,1
propinsi,1
bupati,1
camat,1
ss,1
sampingnya,1
akui,1
gen,1
bismillah,1
gitumelihat,1
rakyatserius,1
rakyaaaat,1
sejahterraa,1
maennn,1
ggak,1
pencucian,1
puruk,1
tanaman,1
berdampak,1
hukumnya,1
lambhorgini,1
wibu,1
kuh,1
meronta,1
segelintir,1
melaratgimna,1
semntara,1
lianlahat,1
dilist,1
mul,1
guruguru,1
pppkhonordll,1
dpraset,1
peluang,1
bsr,1
tidakk,1
diladeni,1
orag,1
novi,1
oray,1
jurig,1
sigana,1
jeruk,1
putut,1
terang,1
menyebutnya,1
timbal,1
pertnyaannya,1
bubarintrus,1
setujui,1
presidenyang,1
girang,1
lebur,1
laailaaha,1
ilaa,1
anta,1
subhanaka,1
kuntumminadzolimin,1
hadehtunjangan,1
manjabat,1
sedangakan,1
membuatnya,1
dilahirkan,1
pembuat,1
ingatlah,1
pena,1
gores,1
hatihati,1
jeritan,1
menembus,1
mengetuk,1
pintu,1
telanjang,1
ketidakwarasan,1
pemimpinnya,1
menggali,1
sendirilubang,1
hinaan,1
sejarah,1
azab,1
percobaan,1
ngawurmu,1
singa,1
bangkit,1
diinjak,1
sisah,1
melupakan,1
kuasai,1
dibesarin,1
gajiy,1
pajama,1
dibagikan,1
jompo,1
mirisssss,1
menginap,1
naiakk,1
sehumur,1
bantuin,1
taiii,1
otet,1
berkomentar,1
tudur,1
kerjanyeee,1
kbutuhan,1
geratis,1
mendrita,1
keci,1
kcilan,1
garelo,1
divideo,1
semena,1
adzim,1
janda,1
sebatang,1
kara,1
jutablm,1
aspirasidana,1
dllbisa,1
pintas,1
yatuhann,1
ojol,1
mintanya,1
chatgpt,1
puluh,1
plluluh,1
wagu,1
faria,1
ngasuh,1
terpaksa,1
kembar,1
gift,1
spilll,1
tercinta,1
haaaaa,1
bapakku,1
kayu,1
lantai,1
bernafas,1
menggdurkan,1
pemimpinrakyatyaitu,1
pemberantasan,1
botak,1
mematikan,1
fitur,1
livetiktok,1
judol,1
pinjol,1
lenyap,1
kuuorang,1
hadeeh,1
bnuh,1
dgangan,1
ambrook,1
tandur,1
bakale,1
cukol,1
wkwkwkjangan,1
dmnamana,1
siuman,1
horor,1
titisan,1
kelurkan,1
ampas,1
kesejahterakan,1
kejaamin,1
kepo,1
sarita,1
listriknya,1
gur,1
panggah,1
disaur,1
kih,1
ngos,1
jongos,1
trisaak,1
triaaak,1
cangcut,1
mikirkan,1
tindakansolusi,1
tll,1
tumben,1
udin,1
yangmu,1
dibwah,1
mencerminkan,1
coo,1
berhasil,1
visimisi,1
hahahahah,1
kuresssmiris,1
ancurrrrrrr,1
menyerang,1
silahturami,1
almgusdur,1
penyamun,1
awoakwoak,1
dikayakaan,1
dimiskinkan,1
perdilikan,1
aduuhmau,1
prabowoooo,1
pakkkkkk,1
kokk,1
tegaa,1
sbentar,1
menghadapi,1
dinegara,1
jiiir,1
ciss,1
astagfiruwlloh,1
camkan,1
kebakaran,1
tarohannya,1
lirik,1
seakanakan,1
cumaaaaaaaannn,1
nyaaaaa,1
sblumnya,1
jobdesk,1
bebaann,1
menyayat,1
veli,1
swliter,1
rejekiku,1
saingan,1
gajahpun,1
tobatt,1
disawah,1
berhektar,1
bangd,1
atauuuuu,1
mbahnya,1
emakku,1
dusiri,1
atuhhhhh,1
upzzzzzzzzz,1
ngangkut,1
magic,1
dikoretin,1
linknya,1
dijamin,1
sepengalaman,1
anjayemangcuman,1
terusssstp,1
beuh,1
tinggiiigaji,1
waow,1
bawahmasih,1
paksampai,1
ngenes,1
kakdi,1
diy,1
sendirimereka,1
sihrakyat,1
was,1
jman,1
hl,1
borongan,1
pojokan,1
sepertiku,1
wanti,1
muadhan,1
asiknya,1
dajjl,1
gugup,1
awokwkwkk,1
iyalah,1
kbnyakan,1
otakny,1
heleh,1
jutaberapa,1
msyarakat,1
jutaaa,1
diangap,1
dengen,1
jtharusnya,1
banyakbanyakin,1
naikkasian,1
sayameski,1
orbaapalgi,1
seimbang,1
kondisinya,1
msak,1
patakmu,1
suryani,1
yamending,1
iyagaji,1
gorden,1
sbnernya,1
gong,1
perincian,1
dihormati,1
kerjaaa,1
nganggurr,1
berkompeten,1
dicoba,1
iirit,1
beratt,1
sangking,1
anjirtttt,1
godaannya,1
capean,1
dikadiih,1
paarah,1
masiih,1
diledek,1
mendekati,1
minggutanggal,1
tipes,1
anjrrr,1
apesi,1
bagiku,1
literbisa,1
rembes,1
semuaaaa,1
benzin,1
segitupun,1
utangan,1
iyamalah,1
nyalhin,1
magsud,1
me,1
negaramohon,1
mampir,1
aparattt,1
terdepan,1
bebantapi,1
negarajadi,1
pengertian,1
pointnya,1
kesitu,1
baban,1
menyinggung,1
alasanya,1
sedikitlagi,1
naikkin,1
ngosngosan,1
uusah,1
sekrg,1
suruy,1
alloooooh,1
tapiiii,1
melongooo,1
literan,1
bulnbpk,1
hadeeuhh,1
kembung,1
kesejahteraanbahkan,1
medik,1
adaaaa,1
jagashift,1
nanah,1
mendidih,1
jagan,1
bangbagi,1
dikittr,1
kktersenyum,1
batinnya,1
teroris,1
whahaha,1
typonya,1
teriris,1
bangkomerangin,1
bgian,1
dikota,1
radak,1
jambinya,1
dikuasai,1
bara,1
tnyakan,1
dprkan,1
editan,1
masik,1
ngikik,1
benarharusnya,1
pekerjaantugasnya,1
kesejahteraanyajgn,1
gituini,1
kutunya,1
pengawet,1
hmj,1
ljhj,1
jmlmpkmhjjjj,1
sekaleee,1
disyukuri,1
diangka,1
wehh,1
didesa,1
njiiirr,1
kuraaanggg,1
kabnyakan,1
ngepanmrk,1
brang,1
sitaan,1
apai,1
setroke,1
penyakit,1
jalankan,1
maksutnya,1
duruk,1
awakna,1
lewan,1
dipimpin,1
lawan,1
mengerakan,1
sabang,1
merauke,1
kuncinya,1
turunkn,1
digerakin,1
wakti,1
menggulingkan,1
soeharto,1
ynaikin,1
hahahha,1
jualin,1
berargumen,1
otake,1
isine,1
ngremuk,1
bre,1
jutadengan,1
mandan,1
rungkat,1
artiny,1
menggemaskan,1
cubit,1
saay,1
kesetaraan,1
balance,1
muterin,1
bicarakami,1
jtoh,1
sendrigajinya,1
tertawa,1
dwngan,1
yabisanya,1
kitasebagai,1
carimakanpun,1
sekandangny,1
papua,1
dengerkerjaan,1
naekkan,1
benciiiii,1
koslet,1
mentertawakan,1
pemikirannya,1
space,1
ballen,1
gkpnasan,1
bergya,1
licin,1
klemis,1
rebhan,1
ambruk,1
relaaa,1
gedebak,1
gedebuk,1
menjerittt,1
ulu,1
mpet,1
numner,1
ngomel,1
kepangkuan,1
aslam,1
membalas,1
huuuuuuuuuuuuuuuu,1
rinduu,1
buangett,1
akaun,1
adekk,1
mahhh,1
nyisihin,1
alokasikan,1
mngabdi,1
lihatlah,1
taruhannya,1
hahhhh,1
jtpertanyaannya,1
yasaya,1
berempat,1
jtkita,1
logikah,1
ayolahh,1
jtkkg,1
laahhh,1
jwaban,1
yyg,1
siapaaaaa,1
sriiiii,1
dibilangitu,1
feedback,1
debesar,1
astofirullohgaji,1
sukasuka,1
promag,1
kakgaji,1
masyaballah,1
tabarakallahhhhh,1
diotaknya,1
uangn,1
mmprkaya,1
dewansdngkn,1
muskin,1
trcekik,1
corona,1
diakal,1
ceunahhh,1
kabr,1
sege,1
dengerna,1
ket,1
zimbabwe,1
duluin,1
nmanya,1
tikuspun,1
berburu,1
bermunculan,1
rspat,1
setahin,1
jtwoww,1
gajiantotal,1
gasemangat,1
berqs,1
seragam,1
podcastnya,1
dalil,1
masyarkt,1
jajah,1
dibenerin,1
myg,1
sekelurahan,1
kecilkrna,1
besaranall,1
nanam,1
sugan,1
ngab,1
ggk,1
gabahnya,1
kakkita,1
matiini,1
kack,1
perutx,1
buanyakkkkkkkk,1
disalurkan,1
modalin,1
spesialis,1
kras,1
buuuk,1
nganggap,1
keppres,1
mempeer,1
tuj,1
koh,1
jutamakaan,1
teruus,1
ngantuuk,1
mulyanindak,1
jangsn,1
jtharus,1
jthidup,1
masarak,1
yag,1
kenakan,1
beradab,1
rakyattp,1
sengsarablt,1
imbuhan,1
dink,1
hatiikuuu,1
fyp,1
ituudah,1
mengajukan,1
hasyim,1
dibawahnya,1
yaaaaaaga,1
diyutub,1
srikrn,1
as,1
semirip,1
editannya,1
telolet,1
seri,1
mengunkit,1
keberatan,1
bongkar,1
awamguru,1
zamn,1
vidioyg,1
usulnyakarna,1
benerkarna,1
orangtak,1
betagung,1
jawabmungkin,1
tujuanya,1
honorertdk,1
pemrintah,1
leluasa,1
kepemimpinannya,1
instansi,1
bustvdia,1
profesinya,1
musibah,1
dih,1
kitabkita,1
menggurui,1
dudukditahta,1
bermutu,1
berkwalitas,1
mka,1
dihujat,1
dihina,1
tatap,1
menggunung,1
mengentengi,1
marilah,1
menghargai,1
sifatnya,1
menghina,1
menghimbau,1
kebodohan,1
merusak,1
menatap,1
ladeni,1
tollnya,1
datangdudukdengarngantuktidurbanguntanda,1
tanganpulang,1
boskerjanya,1
apahhh,1
blio,1
bbr,1
norg,1
wey,1
pngeluaran,1
dprkerja,1
block,1
meserakat,1
sampay,1
nguligak,1
kerasatapi,1
alangkah,1
listrk,1
jtaemang,1
kgsedangkan,1
segalagalagalanya,1
dprtiap,1
mknnya,1
apagaya,1
cucumu,1
goruptor,1
katua,1
heyyy,1
kaluuu,1
kepanjangan,1
dengeremang,1
pea,1
peres,1
padahalnya,1
tmpat,1
perahu,1
langgar,1
skolahsuami,1
ngerokok,1
nguliahin,1
diprank,1
stock,1
butuhnya,1
iyaaenak,1
sklrga,1
diblng,1
hh,1
beraoa,1
yaenak,1
biayaigmn,1
standart,1
cumasemua,1
negarasedang,1
bebean,1
inikatanya,1
diperiksa,1
gajinyangk,1
jthri,1
siappp,1
petugas,1
kebersihan,1
gabung,1
militan,1
liemnjukkian,1
dmuntuk,1
tanggalnya,1
siayuk,1
ikutgk,1
syukurnya,1
dtmo,1
dprmaksimal,1
wajarla,1
citagwa,1
ngomo,1
melas,1
ketuanya,1
pajakdn,1
ngenakin,1
bpkpadahal,1
lahhhh,1
guwe,1
mesen,1
lebaran,1
thr,1
jahanammm,1
oenak,1
butamasih,1
bgsnya,1
ngliting,1
jutatujangan,1
hdupny,1
jtblnternyata,1
merek,1
luarbiasa,1
maksimalnya,1
taro,1
dadinya,1
bilekk,1
omaygatttttt,1
shok,1
busri,1
hartakita,1
bgttkita,1
yahko,1
meh,1
woooo,1
fakirmiskin,1
tlol,1
usut,1
brok,1
manfaatx,1
rakyatmreka,1
ramdani,1
kocakharusnya,1
murahnya,1
istriku,1
dllmengenaskan,1
sebuln,1
bulok,1
analoginya,1
disimpulkan,1
pemerintahpembuat,1
skelas,1
pokoktunjangannya,1
mendapatkannya,1
yaalloh,1
bumbuan,1
bebarengan,1
puny,1
terkandang,1
jong,1
lelang,1
posisinya,1
menyandang,1
gelar,1
ddatang,1
akuada,1
jlaskan,1
cumadia,1
allaah,1
apkh,1
kedzoliman,1
inimiris,1
ngalor,1
ketiduransoalnya,1
darahnya,1
penyakitnya,1
kolesterol,1
sosialita,1
siratakhi,1
loch,1
peternakan,1
desain,1
makanyya,1
rkyttt,1
liannyaduit,1
wkwkwkwkwkwk,1
muncungnya,1
reflek,1
mintak,1
seharian,1
iyu,1
besin,1
herman,1
gembos,1
kerbau,1
perharianggota,1
megic,1
llebih,1
merampok,1
keputusannya,1
memimpin,1
jua,1
bubrkan,1
dongk,1
nakal,1
wujud,1
kelur,1
dus,1
dapwt,1
perdebatannya,1
alot,1
cumann,1
keliruyg,1
matane,1
njepat,1
diturunin,1
buseeet,1
pay,1
plislah,1
rakyatnyadpr,1
berisi,1
naah,1
nalar,1
anghota,1
swastanisasi,1
distandarkan,1
hasta,1
vip,1
nerekes,1
jahanam,1
program,1
kekumpul,1
remont,1
cumannya,1
besuk,1
tampe,1
alis,1
dapuran,1
heee,1
bapakkkk,1
lebihlebih,1
et,1
bapal,1
yabertanya,1
kosidahan,1
jauuuuhhhhhhhhh,1
dibandingin,1
bertarung,1
omsetnya,1
bnsin,1
cumanmudhn,1
mmbalikkan,1
selmanya,1
mudhkn,1
merasakn,1
kun,1
payakun,1
mustahil,1
tntu,1
ngandelin,1
kthn,1
pencarian,1
sbnrnyabukan,1
iniditahan,1
inimahtakut,1
dprdia,1
tameng,1
pol,1
tniyg,1
sekandang,1
garasi,1
joksnya,1
betl,1
yungagn,1
bonusnya,1
miya,1
iyalohhhcumanberas,1
jtwow,1
perbuatan,1
cumananak,1
wisuda,1
ip,1
kerjaanudh,1
lamar,1
sinikrn,1
ordal,1
digantiin,1
lolll,1
segawon,1
itutunjangan,1
heehee,1
keluarnya,1
seujon,1
semenit,1
dprmenterisemua,1
besain,1
semulusnya,1
perasaannya,1
didiknya,1
ceria,1
anjyy,1
pnstmnku,1
yabanyak,1
amar,1
qudskalau,1
menujukan,1
pemberat,1
mengajari,1
menulis,1
nampaknya,1
diartikan,1
menganggap,1
senusantara,1
dalamnya,1
makanin,1
selingkuhan,1
orangtua,1
bdoh,1
cina,1
assalamuaalaikum,1
wr,1
wb,1
morat,1
marit,1
horeg,1
makanx,1
warteg,1
lk,1
sedino,1
ewu,1
menduduki,1
rongsok,1
bertelur,1
seikat,1
segedek,1
tikusmah,1
selumpur,1
lumpur,1
kgbisa,1
gentong,1
amrik,1
negaranya,1
guede,1
dhn,1
putusan,1
akalin,1
iyaini,1
diahirat,1
pembalasan,1
dkatskan,1
sesungguh,1
salammm,1
kab,1
jatim,1
nyalonkan,1
ngeladenibikin,1
kegirangan,1
visa,1
debat,1
ormaskan,1
dptjatah,1
dewanklu,1
gajihny,1
vi,1
pikiranmu,1
tain,1
tle,1
gragaji,1
wkwkwkk,1
positive,1
wkwkwkwkwkwkwk,1
uruk,1
dio,1
gtulah,1
kor,1
heula,1
ngajedog,1
kamana,1
oge,1
anger,1
meunang,1
namah,1
lieuran,1
panasnya,1
logikanyankalo,1
pengusahanatau,1
pokokndpr,1
lhayo,1
haduuuhh,1
astaghfirullahh,1
ketutuppp,1
hahhh,1
istighfarrr,1
kannnnnn,1
nympe,1
wadududuh,1
busettttt,1
der,1
ol,1
ppkppk,1
kjtini,1
jatahnya,1
ngeras,1
kagasi,1
bapanya,1
siapasi,1
anjirrlah,1
bacanyaaaa,1
galiattt,1
cukupppp,1
keluargaaamuuu,1
sumpaaa,1
pajakk,1
dipajakinnn,1
buatt,1
merekaaa,1
namabubarkan,1
yaaaaamiin,1
jttuakan,1
rabbalalamin,1
bundpadahal,1
prgi,1
yhh,1
siapsapa,1
doanya,1
apreasi,1
brdoa,1
didapatnya,1
rincihannya,1
menyedikan,1
buktinyesel,1
dengarmya,1
susahmereka,1
pulakk,1
menghilangkan,1
yurun,1
gakpernah,1
nylonin,1
rakyatuntuk,1
keluargasisa,1
ngatuk,1
tersorot,1
bobok,1
ngorok,1
mulyancok,1
negaranegara,1
amburadul,1
pimpin,1
sabarr,1
baangsa,1
minggat,1
trasi,1
bali,1
dijogetin,1
siwowo,1
brjasa,1
sglnya,1
ngemil,1
merahbelum,1
terpojokkan,1
allahikhlaskan,1
prwakilan,1
trisi,1
bidan,1
terkuras,1
bensinmu,1
nafkahi,1
kgbln,1
kghri,1
embelin,1
katacuman,1
dengernyakita,1
berasbensin,1
palangsebulan,1
lohmasa,1
diakenapa,1
bersyukurnyasedih,1
tuhhhh,1
tukeran,1
gitubiar,1
kitaapa,1
bilangcuman,1
bji,1
kayanyamakanya,1
seskit,1
martin,1
ketutup,1
beramai,1
genapin,1
mampus,1
kenaparakyat,1
sulitada,1
seharipak,1
bercucuran,1
unk,1
uamg,1
rbapalagi,1
roksokan,1
grobak,1
itulh,1
kkmereka,1
akanperlu,1
ditolongpadahal,1
dibawahnyabagaimana,1
merekamemang,1
bermoral,1
saddiq,1
ahyan,1
istidroj,1
bersinggungan,1
rangkul,1
tertolong,1
bsarr,1
sebarin,1
bjirrr,1
kiran,1
mutiara,1
rbrb,1
sulittt,1
manalah,1
anggep,1
dirmhnya,1
estimasi,1
grade,1
cappake,1
klik,1
brusan,1
doangkiita,1
adik,1
tuanya,1
kentucy,1
rendang,1
tongsenv,1
gule,1
dimesir,1
melebar,1
depp,1
tratap,1
kadihann,1
itulho,1
tercekit,1
kesianya,1
kawanya,1
sejahtrakan,1
keu,1
nasionalisme,1
bapakmu,1
kuyup,1
preeet,1
tubtu,1
barangny,1
daganganny,1
laku,1
pinteran,1
berikutny,1
masalh,1
jalanjalan,1
vibenya,1
pkh,1
direstoran,1
kesimpulannya,1
ngikut,1
sert,1
pegunungan,1
karawang,1
sayah,1
kuliyah,1
alhamdulilah,1
denga,1
tata,1
istrinya,1
pendukungnya,1
memerkaya,1
korupsirakyat,1
gajiuang,1
menyangka,1
tertpenuhi,1
piknik,1
cenah,1
tank,1
ngasihnya,1
kudapil,1
kundapil,1
kementrian,1
bknsaya,1
ngamen,1
cafe,1
sabartinggal,1
finish,1
finis,1
kaitan,1
nyaspa,1
menghbs,1
sgituhanya,1
mendptkan,1
betulll,1
bnykknya,1
bleng,1
thooo,1
degan,1
sebernya,1
adill,1
meteri,1
menggarap,1
hektar,1
jthehe,1
busyet,1
rebubulan,1
bliss,1
dprkatanya,1
badogan,1
kehidupannya,1
bicararakyat,1
jtdi,1
rahasiakan,1
okelah,1
tepati,1
too,1
yahudi,1
hamanya,1
bosbuat,1
yamkan,1
bima,1
tangung,1
sisaan,1
miriisssss,1
serumit,1
hell,1
sumbangsih,1
kdaulatan,1
tngan,1
sjklo,1
besaristilah,1
bedaklo,1
utamatp,1
pjabat,1
penghasilannyakrn,1
pjbt,1
bedacontoh,1
gubenur,1
perbulantp,1
gub,1
tanggaby,1
dinasby,1
kom,1
operasional,1
dlltunjng,1
bumd,1
pesugihan,1
unganya,1
disebutin,1
diundang,1
gil,1
tunjanganakan,1
teruskan,1
tersirat,1
tukin,1
editing,1
aitetep,1
maknanya,1
polesan,1
srimulyo,1
curut,1
negatif,1
ngapainn,1
dsitu,1
kapasitas,1
kemampuan,1
iyaanak,1
negarasuruh,1
ajarkan,1
otk,1
kepalanya,1
fulnya,1
semulus,1
tulisan,1
satpam,1
perbankan,1
digolongkan,1
jelantah,1
seklrg,1
muluu,1
ribubos,1
selametan,1
beraasnya,1
berenang,1
samaain,1
seninjumat,1
basmati,1
shirataki,1
anggora,1
bulu,1
alibinya,1
licik,1
nau,1
cunan,1
boloyg,1
kilok,1
dapurku,1
apalh,1
dayaku,1
mboh,1
ndasku,1
artian,1
berkwintal,1
kwkwkwkw,1
huh,1
nyampai,1
spesies,1
bilangkan,1
makankebutuhan,1
luluran,1
jugaitu,1
kontener,1
kasiandengan,1
tunjanganjtjtjtjt,1
preze,1
isientifrbhari,1
busett,1
uanh,1
langsunh,1
perminggu,1
haduhhh,1
tumpukam,1
bilg,1
karet,1
sesuialah,1
dehkasihan,1
naikkalo,1
sajasoalnya,1
yekasian,1
naiktpi,1
selangittgerak,1
dibiayai,1
donasi,1
dprbeban,1
tuhmkanya,1
ralattyg,1
menggajinya,1
saton,1
paingan,1
baruncit,1
beuteungna,1
dperbatasan,1
konflik,1
prejurit,1
tunjugn,1
bsar,1
tnjungn,1
ero,1
kturutan,1
bulig,1
jebule,1
luwih,1
nggragas,1
berastrus,1
embat,1
hmpr,1
pndptn,1
pengluarannya,1
setoran,1
dilupakan,1
syarat,1
kententuan,1
jatuhnya,1
dihargai,1
kepakai,1
dijemput,1
klaim,1
tunjg,1
diwakilin,1
brangkat,1
dipikirka,1
berbunyi,1
terkeluar,1
mosetop,1
statman,1
memanggil,1
empatinya,1
endak,1
bjirl,1
kasiannnn,1
wawwww,1
dengarnyaaaaaaa,1
aahhhh,1
beeas,1
jutakita,1
jihoon,1
lapis,1
diminum,1
hauusss,1
eras,1
dolog,1
mahallah,1
astronot,1
joinnya,1
barter,1
dippuk,1
rindu,1
diimport,1
terbaikwajar,1
serbuk,1
maas,1
segonikg,1
goni,1
koprasi,1
kkaa,1
infonyaa,1
best,1
recehpun,1
barusan,1
adooo,1
sutara,1
tmbhn,1
triwulan,1
penghasilnya,1
fikir,1
ligika,1
fan,1
eeee,1
memandaikan,1
hihihi,1
zegitu,1
kuras,1
hhhhj,1
sgalahnya,1
ngentut,1
urbah,1
bangunkn,1
tepi,1
deras,1
bngetzz,1
tunjngann,1
ngeriipntas,1
nyapo,1
wolu,1
genep,1
mewahkirain,1
makanpun,1
idupnyee,1
betol,1
bgtunya,1
ngupil,1
setor,1
pemersatu,1
herankerja,1
didikrjain,1
caturseperti,1
divideokan,1
sihan,1
datg,1
duettu,1
sebuan,1
cembung,1
mndptkan,1
erte,1
dirasa,1
tandain,1
segudang,1
bjiiiiirr,1
engkang,1
dikalimantan,1
upeti,1
uuran,1
tinjangan,1
melambungnya,1
nyegirrr,1
kshan,1
ngantok,1
badanya,1
sayu,1
perbulansemngaat,1
menantimuu,1
ngrokok,1
sabun,1
odol,1
bangetcuma,1
postive,1
keselek,1
antartika,1
bula,1
pesantren,1
dirumahnya,1
okeyy,1
suksesnya,1
proposal,1
harapan,1
makannyabukan,1
emasbro,1
yogya,1
biasala,1
nyalol,1
lapang,1
lebar,1
srabutan,1
sakkaya,1
sehri,1
jata,1
karea,1
untok,1
dustakanmakasih,1
bayak,1
ngelebihi,1
rbumasak,1
aduu,1
yakinlahkrn,1
kluarin,1
baliknya,1
makna,1
kakmelongo,1
donkgajinya,1
wowbener,1
fiks,1
apakya,1
hrz,1
cover,1
nyukupin,1
hidupny,1
trz,1
jafi,1
yampun,1
cakerpppkasih,1
bantua,1
berasvitupun,1
jengkol,1
gagunaaa,1
maem,1
sepremium,1
nanemnya,1
kelurahan,1
download,1
nwt,1
seklai,1
maa,1
bulat,1
plastik,1
molorberas,1
shop,1
mempertanggung,1
dibelain,1
raker,1
dikirain,1
jita,1
bngstt,1
soak,1
dikantor,1
penyalonanpemilu,1
kutupasirvirusbakterilalu,1
disterilkan,1
yasatu,1
lemak,1
goibnya,1
panti,1
asuhan,1
bagamanacara,1
daripd,1
kmpung,1
ituapa,1
jutaomongnnya,1
robb,1
emasss,1
jtampun,1
ditanak,1
dancina,1
gjhnya,1
selisih,1
setujukenapa,1
pingsan,1
honoren,1
buar,1
menrasakan,1
disetarakan,1
penjilat,1
eduuunnnn,1
seliweran,1
melekbaca,1
kebangetan,1
begaol,1
hahahahha,1
bolohanyajt,1
kecukupan,1
bolo,1
iyain,1
toodler,1
vintage,1
menyopir,1
mekah,1
dkenakan,1
bejibunnn,1
sedeng,1
gigit,1
jari,1
naikx,1
jutasedang,1
bgsa,1
amerika,1
ketiga,1
telurnya,1
haris,1
perbulanklu,1
jtlah,1
incb,1
mulung,1
samph,1
draf,1
ceperan,1
alfaindo,1
seperempatnya,1
mjd,1
ketelen,1
sum,1
laris,1
sate,1
shr,1
sg,1
manganaku,1
kuwi,1
bed,1
dikalkulasi,1
xk,1
dibulatkan,1
cicitnya,1
komplit,1
mledak,1
ludah,1
jilat,1
gaess,1
tingkatan,1
betulbuayak,1
tunjangansetahun,1
msyrakt,1
mengidam,1
bersyukurlah,1
gty,1
jtjadi,1
mluar,1
city,1
jtda,1
mamaknya,1
lipatnya,1
berjuangan,1
rakyatapa,1
gerakan,1
terusik,1
dibentuk,1
sepeda,1
onthel,1
mnghabis,1
menggerogoti,1
demen,1
gorengan,1
ngakunya,1
positiff,1
auranya,1
negatiff,1
sendok,1
skop,1
peecaya,1
seharusx,1
gratisbgmn,1
dirimiris,1
gitupun,1
guruyg,1
haiiii,1
sabrr,1
berkahnya,1
sampae,1
nyagak,1
ikat,1
buu,1
berti,1
ngehonor,1
haya,1
perbulann,1
sekutar,1
yata,1
bensinny,1
pora,1
wetenge,1
sakmono,1
akehe,1
dilapisi,1
gadapet,1
segerkan,1
kwkww,1
keduluan,1
kambing,1
kuburannya,1
dipenuhi,1
berasd,1
matan,1
game,1
mandor,1
thin,1
candy,1
crush,1
bodong,1
jogetlah,1
sekolh,1
aninya,1
campuran,1
sapitengnya,1
diapakan,1
empotnya,1
insulin,1
sekutu,1
temandpr,1
gadag,1
aut,1
badok,1
sepiro,1
suwemelek,1
jekik,1
bulane,1
segitutiap,1
menyabut,1
siswi,1
sarapandan,1
verbagi,1
sedikitsedikitnya,1
berapayg,1
tspi,1
rakyatnyapadahal,1
dprtahu,1
garam,1
harisiapa,1
khabar,1
konoharakyat,1
pekerjaanbisa,1
naiktapi,1
gampir,1
berasjt,1
jtcm,1
drpak,1
pakrakyatmu,1
smpk,1
bangsablm,1
ekonimi,1
dkk,1
bagikan,1
malangnya,1
dipikirgmn,1
mainin,1
duid,1
krirdayanti,1
umrwoooh,1
langka,1
makanyamasih,1
ngeluhwalopun,1
katanyakan,1
gitumasa,1
wudele,1
menceng,1
vasiritas,1
dipenuh,1
lhodimakan,1
ngaliwet,1
ngeronda,1
gjih,1
kwannyaa,1
bserta,1
pajakny,1
sutera,1
ketiduran,1
pertemuan,1
poto,1
membayangkan,1
pengi,1
dprkira,1
diangkut,1
sat,1
poll,1
hbisduit,1
minyakmkn,1
tggsdp,1
dorg,1
nigji,1
utuhrakyat,1
kakinegara,1
jmn,1
covid,1
krywan,1
masiarakat,1
naikkalian,1
nengara,1
kebutuahan,1
toch,1
gaperlu,1
es,1
tolonglah,1
materai,1
mskpun,1
menolak,1
brpapun,1
ptps,1
keberhasilan,1
max,1
komitmen,1
walaupn,1
dket,1
bgtuan,1
dipilah,1
sura,1
sebodoh,1
pulih,1
untungjd,1
skill,1
stigma,1
ambisius,1
curigai,1
pengawas,1
tps,1
benerjngankan,1
milyaraan,1
hanay,1
prestise,1
apabahkan,1
merugi,1
betlombajd,1
blk,1
ribuuu,1
butta,1
keruk,1
bangattt,1
terberat,1
yeah,1
kasihangaji,1
kecilmakanya,1
klaw,1
nggaknya,1
kurabg,1
yabg,1
manas,1
neti,1
pengamat,1
sepandaipandainya,1
netuzen,1
taugaji,1
duluskrg,1
lebihmknya,1
totaly,1
mnurut,1
jjuran,1
masyalllah,1
lapak,1
watu,1
berasny,1
ribulah,1
mahalrakyat,1
cukupkesenjangan,1
sosialnya,1
food,1
jyta,1
kataa,1
dahbener,1
yekotok,1
mataa,1
alhmdulillah,1
beliga,1
njeblkk,1
mknberas,1
meroketgmna,1
gasii,1
omahmu,1
ris,1
tegaskn,1
jtgimna,1
nyh,1
sdngkn,1
benerdapet,1
enakkk,1
tuhhhhh,1
bukane,1
segitulihatlah,1
rakyatpajak,1
ngakakk,1
adaaa,1
duitdi,1
tapilebih,1
meneropong,1
ghaib,1
mangkir,1
studi,1
regulasi,1
copas,1
konsekuensi,1
pidanaperdata,1
kolektif,1
tonbanyak,1
orangrakus,1
kesehatannn,1
jnis,1
smngattt,1
hhaaaay,1
deuh,1
salut,1
sbge,1
tiwas,1
mlongohhh,1
gagas,1
lazis,1
bulankasian,1
jecil,1
wbpiro,1
masuh,1
baroqahklu,1
seujung,1
kuku,1
acan,1
harap,1
berjuanga,1
apagak,1
permasalahkn,1
kerjany,1
masarakt,1
rejaki,1
lumintu,1
kluaga,1
seadainya,1
mni,1
rewog,1
perkadutan,1
dprpns,1
ukur,1
tempelan,1
cu,1
sebulanhabis,1
karungbusetsedangkan,1
yadpr,1
yaaalah,1
nain,1
lembutt,1
mensejahterkan,1
ajaatau,1
pekerjaanmiris,1
sebutin,1
dapattt,1
ngucap,1
kebagian,1
ngewakilin,1
bensinnn,1
beliiinwarr,1
yambungsiapa,1
prsiden,1
slma,1
behhh,1
zolim,1
nik,1
blngmn,1
bersyukurrakyatmu,1
menjeritttknp,1
makane,1
salmon,1
kolt,1
semuakorupny,1
gdung,1
itukita,1
matiancapek,1
batinsebulan,1
iru,1
berasbensinmakan,1
kprluan,1
ankbyr,1
kontrakanpam,1
paksegitu,1
sedanhkan,1
rakyatnyabahkan,1
yamg,1
harusbilang,1
prank,1
samatik,1
membekak,1
ngurusi,1
robi,1
betuk,1
sekolahnya,1
biyayanya,1
gedepentingnya,1
seraaaang,1
rakyatmh,1
ripuh,1
ngajait,1
sarebu,1
dkadianin,1
tanggungada,1
inventaris,1
nafas,1
kreditan,1
biasaaaaaaaaa,1
nabungnya,1
ktanyanyesek,1
dngernya,1
setoko,1
tokonya,1
brandeed,1
taburi,1
misquen,1
rusaaaak,1
negaraaaa,1
ratakan,1
nyalonin,1
aqyo,1
berase,1
alat,1
gilingnya,1
helooo,1
baxak,1
rakyantnya,1
notabene,1
mengutus,1
dihiraukan,1
msy,1
ngais,1
dpinggir,1
jalann,1
pauknya,1
seadanya,1
huhuu,1
fuit,1
sebelumya,1
prestis,1
dprklo,1
pengakuan,1
jerome,1
senisbg,1
hindari,1
shg,1
asbun,1
kayamrk,1
dinilai,1
tga,1
privat,1
ditetapkan,1
strata,1
salahkan,1
cenderung,1
memilihnya,1
kasihdpr,1
cerminan,1
dimane,1
sogok,1
sng,1
nandor,1
pari,1
og,1
kontol,1
kelapran,1
mantuull,1
mimi,1
gedex,1
betulsuruh,1
dewemangan,1
afdal,1
rekayasa,1
membubarkn,1
rumhnya,1
bgitupun,1
sudhlh,1
prilaku,1
alphart,1
selusin,1
sgat,1
yakasihan,1
atow,1
loanggota,1
dibayarenak,1
thoo,1
bangga,1
litu,1
berlbihan,1
swedi,1
angkot,1
ubilang,1
yakinlah,1
teraniaya,1
dikabulkan,1
vertigo,1
perlahan,1
pajekin,1
pembeli,1
kasihanmu,1
sabr,1
insa,1
ditmbaah,1
guro,1
bersabarlah,1
peluhmu,1
amal,1
ibadah,1
dialhirat,1
butir,1
muara,1
berharga,1
restogk,1
diksh,1
ribukg,1
makanannya,1
kirq,1
sehsri,1
rbx,1
mibes,1
merobek,1
dompetku,1
ngapai,1
shorang,1
bnerini,1
ulat,1
matiannn,1
nadanya,1
cumaaannn,1
kahh,1
aap,1
salurkan,1
danannya,1
utanh,1
dikata,1
ituloh,1
mencerna,1
cumanberas,1
membuka,1
temeh,1
dibantah,1
allahsedih,1
bagusbiar,1
jjlnan,1
kangkung,1
raknyat,1
kencang,1
ssssttttsesama,1
berdua,1
gali,1
pernahakan,1
batt,1
tertidas,1
tuhapa,1
negarakaya,1
venus,1
mask,1
maknya,1
digulung,1
nori,1
dibungkusin,1
onigiri,1
sushi,1
dibisnisin,1
arusah,1
campuraduk,1
anapa,1
bgg,1
kloga,1
organik,1
gluten,1
mnjga,1
asumsi,1
rbpaling,1
mmm,1
risotto,1
italy,1
makannyakg,1
nyisa,1
luberjurdil,1
milihnya,1
lurahnya,1
botoh,1
berjudi,1
moralitas,1
kemerdekaan,1
menyamakan,1
itulak,1
minati,1
kebamyakan,1
blak,1
luarr,1
kalipusing,1
asfirasi,1
jutakali,1
prjalanan,1
delapan,1
crisdayanty,1
irang,1
negar,1
membeberkan,1
bermber,1
ember,1
idealnya,1
pres,1
binggung,1
lhaa,1
peran,1
ngatung,1
cokk,1
meladeni,1
akalnya,1
gunaan,1
makmu,1
begitukan,1
urug,1
peteran,1
mnayaa,1
jadian,1
stanting,1
kirek,1
aah,1
gulagji,1
jrjnya,1
jungkur,1
katax,1
semuax,1
corporate,1
capslock,1
otakku,1
yamknnya,1
dk,1
itudikit,1
gajixa,1
gedekasin,1
katxa,1
index,1
mlbung,1
ksshn,1
pakan,1
airmata,1
broo,1
sjhtra,1
rangka,1
kesulitan,1
perjuang,1
hongkong,1
banglihat,1
pokes,1
gmncoba,1
kebahagian,1
pencalonan,1
napkah,1
bcrnyamungkin,1
kayacb,1
jabar,1
tragis,1
jirrr,1
deritaan,1
bangsyatttt,1
asa,1
idonane,1
kluargany,1
wifii,1
kesiannya,1
digedein,1
murid,1
berobat,1
broadcast,1
innalilahi,1
gokilllll,1
dapt,1
badai,1
whatt,1
melontarkan,1
sesikit,1
dibayarnya,1
jutaapa,1
pajakmenteri,1
maunye,1
berape,1
broooooo,1
mengantri,1
saknya,1
tulisannya,1
ditimbang,1
normalmahal,1
kgan,1
hewanbinatang,1
digoreng,1
netijen,1
berenti,1
bekel,1
langkagitu,1
musim,1
beraslah,1
merekamasuk,1
mahalsama,1
negaraguru,1
yaberas,1
bugu,1
rido,1
naikkanlah,1
sangkaanak,1
mpek,1
dilontarkan,1
ribubln,1
omg,1
dollar,1
nyamantap,1
kilodibagikan,1
hadehhhhh,1
gundiknya,1
makanlontenya,1
encer,1
kayangan,1
mengadaada,1
temboloknya,1
tersimpan,1
maklumin,1
guitu,1
berasmakannya,1
ccucu,1
beraknya,1
parkir,1
berakbaru,1
ampuni,1
dosaku,1
berkutu,1
laahh,1
ajakah,1
kadar,1
mobilitasnya,1
buntet,1
pakenua,1
fukumi,1
lokal,1
pengunungan,1
hobi,1
karya,1
catur,1
diwkt,1
konstribusinya,1
gwena,1
hungkul,1
iyeu,1
abi,1
yohaenes,1
emsng,1
haj,1
manfat,1
mprkaya,1
sedikitcolongannyapura,1
dprgaji,1
benenr,1
sawan,1
story,1
renyah,1
ketawanya,1
pertaun,1
hektaran,1
zealand,1
tronton,1
direstauran,1
level,1
bekalmakan,1
dibalut,1
binik,1
dkasih,1
kakjd,1
nmbh,1
jjn,1
astofirulloh,1
dikitknp,1
kelebihan,1
merekaini,1
ingatkan,1
sdbab,1
pakbapak,1
hamil,1
royco,1
pendarahan,1
gizi,1
jutaemang,1
kilogram,1
pokoktunjangan,1
anktunj,1
kroninya,1
nyuri,1
kocar,1
kacir,1
udahan,1
nyeng,1
gundig,1
app,1
bayk,1
heem,1
sjaa,1
mmpu,1
prtnyaan,1
busetttt,1
dahhh,1
mancaaappp,1
sliter,1
blnjt,1
jbtan,1
reward,1
dpan,1
koit,1
kerjain,1
kocakkkkk,1
broanda,1
berimbas,1
dihasilkan,1
lag,1
berkat,1
konoho,1
ditolak,1
nyaharusnya,1
gasihan,1
wasilitas,1
kakkkita,1
mendem,1
naudzubillah,1
sihsamson,1
cucinya,1
logikaa,1
mangu,1
buncittt,1
gurukin,1
mklum,1
boy,1
sejujurnyagak,1
hrm,1
mkny,1
karungan,1
iwan,1
fals,1
rblhoo,1
tuhwah,1
pakjgn,1
jogja,1
dalm,1
serumh,1
sembarng,1
byarlh,1
starah,1
membeban,1
naikkk,1
apakabar,1
allahmending,1
jdikan,1
jetrong,1
dibeliin,1
apaanyg,1
gakan,1
sekalinya,1
batasan,1
terpincil,1
malihh,1
tegaskan,1
ngojol,1
gacor,1
trip,1
lahat,1
konsep,1
segi,1
premi,1
timpuk,1
sinis,1
plt,1
miriisss,1
ajberas,1
mmbebankan,1
perbulandi,1
bensinberas,1
makanpendidikan,1
byy,1
wang,1
te,1
bulatkan,1
ow,1
aredan,1
cumagaji,1
menangani,1
mengisi,1
mantaaab,1
perbulanrakyat,1
dikatai,1
geees,1
berbulanbulan,1
dprayo,1
patunganmreka,1
perliter,1
that,1
jtan,1
entengnya,1
wajjar,1
brasitu,1
kalirkus,1
nggedabrus,1
pakkerja,1
mingggu,1
sebulanbuktinya,1
geng,1
telek,1
kebo,1
pesan,1
kakmungkin,1
itumahhh,1
bushett,1
makann,1
thnlbh,1
lumbung,1
dikatanya,1
pakabar,1
benerbener,1
kasihannn,1
naiik,1
naikantidak,1
mutp,1
lewst,1
naikantunjangan,1
dipangan,1
sawahe,1
penderiataan,1
mabuk,1
mencret,1
salahku,1
check,1
cod,1
sekomplek,1
seharii,1
krung,1
sdangkan,1
ganas,1
sembulan,1
plhn,1
ngasiani,1
jutaitu,1
mengutuk,1
caba,1
ketok,1
djp,1
dtinggal,1
cumaaaaaaapdhal,1
terbiasa,1
markup,1
nihemang,1
utuhh,1
innalillahhhhhhhhhhberas,1
ngelawakkasian,1
pkbli,1
perluas,1
gemukan,1
yohaness,1
mbohmu,1
etong,1
keuruk,1
sampingannyamungkin,1
metong,1
hartanya,1
liang,1
heiiii,1
jtairnya,1
sambel,1
krupuk,1
satenya,1
pembukapenutup,1
hidangan,1
pacarbnsinbeli,1
pancing,1
ususnya,1
kebun,1
dimulutku,1
besarbesar,1
raksasa,1
apaperlu,1
goremgan,1
uwangnya,1
iyasy,1
tengokem,1
samaskali,1
betuuul,1
kris,1
dayanti,1
anrakyat,1
tunggangi,1
pengacau,1
ambulance,1
karat,1
dapatx,1
kgharga,1
kgapa,1
klga,1
ndesone,1
mulia,1
kenanya,1
bening,1
manaliat,1
mendukung,1
distarakan,1
sinyal,1
anjayyy,1
gaseberapa,1
mengatai,1
fasiltasnya,1
kndraan,1
mncicil,1
mnghirit,1
rakyatkarna,1
jgnlupa,1
yupp,1
bebankn,1
kitajelas,1
engge,1
aae,1
sakno,1
ngge,1
insyaa,1
srii,1
ikiiiiiiiiiiii,1
merekakan,1
banggg,1
dengernyabisa,1
kbr,1
berakknya,1
encen,1
rak,1
ceto,1
singkup,1
dubai,1
onta,1
makanrumput,1
dean,1
dioplos,1
dimakasn,1
donatur,1
dikampung,1
sehektar,1
segunung,1
dprmumpung,1
bungkelekan,1
nepi,1
kuruuuuusssss,1
capeee,1
biasalh,1
lubung,1
krluarga,1
ditukar,1
syulit,1
secebok,1
sndk,1
daun,1
singkongtahu,1
tempedh,1
dagingaya,1
mudang,1
cumi,1
telorpa,1
brgizi,1
bar,1
kuatshtkita,1
swah,1
berhekatar,1
pestisidanya,1
embah,1
usianya,1
coran,1
pandan,1
rojo,1
lele,1
jingga,1
hijau,1
biru,1
kakbagian,1
dkit,1
perkaya,1
mandek,1
perjuangkn,1
upahan,1
jualandagang,1
dimodalin,1
ngidupi,1
perkumpulan,1
biyasarakyat,1
tabung,1
biyasa,1
hahaaha,1
koki,1
hahahhahahaha,1
pesta,1
hbisa,1
dikasiannin,1
digas,1
panasan,1
bpak,1
pancaran,1
sinar,1
bliyaw,1
bulanbusetttitu,1
utj,1
perempuan,1
guruuu,1
komentri,1
uangan,1
dprgimana,1
rakyatkalau,1
heeyyy,1
iss,1
isss,1
lebihan,1
bgtyg,1
yaamasyarakat,1
mase,1
polos,1
gamblang,1
mencederai,1
pertamina,1
dex,1
sport,1
dakar,1
konsumsi,1
lkmkm,1
menempuh,1
geragas,1
anggofa,1
mentricoba,1
dehga,1
kemenkeu,1
masayarakatne,1
galfok,1
kerjnya,1
apprasaan,1
nhaa,1
bolokata,1
tergolong,1
kampanya,1
habisan,1
mpe,1
klarga,1
pahala,1
ngomongnyalha,1
totalin,1
bera,1
minggu,1
kalender,1
tsk,1
terisi,1
banya,1
gedegkesannya,1
buaaaanyaaaakkk,1
kaliya,1
hejo,1
waooo,1
sehinga,1
satubulan,1
lugakasihan,1
bpnt,1
samaan,1
terbuang,1
semangatsemoga,1
dkasihani,1
dalilnya,1
jauhhhhhhhh,1
materi,1
ngeprint,1
walapun,1
cmjuta,1
terbawa,1
brkaah,1
mskipun,1
tehitung,1
kgsblm,1
gusduangsjng,1
limapuluh,1
delapanjuta,1
apalagiorang,1
palingbanyak,1
empatjuta,1
tida,1
orangkecil,1
pajakgedemeras,1
yatkecil,1
dibayarkannya,1
cobah,1
sambilan,1
sakiiit,1
aib,1
set,1
wak,1
aduhaaaaiii,1
makmurnya,1
hidop,1
diasmua,1
psjak,1
pernikahan,1
anaka,1
buncitlah,1
sekampungnya,1
aziim,1
tanggungjawab,1
anemng,1
kawrkyat,1
mnjerit,1
klaparansnda,1
enakmlh,1
cukupin,1
igeat,1
mentang,1
semuah,1
liah,1
pigiran,1
dimananya,1
overhead,1
apadlm,1
memperjuangkn,1
muaak,1
mrnemui,1
srini,1
jkrutk,1
mengusul,1
kjt,1
bersabar,1
kemajuan,1
alhamdulilaaah,1
ageung,1
pisaaan,1
kerjaanna,1
kongkong,1
cuap,1
akunlo,1
jamet,1
luuu,1
terpenuhi,1
stetmennya,1
sapusapubiar,1
perumhmreka,1
kerjhrusny,1
ngontrk,1
mhknp,1
kmijt,1
ongan,1
trgntung,1
sikond,1
liciknya,1
lagiwes,1
yodielkompak,1
manapun,1
jelaskanemang,1
wowwe,1
sediiihhhh,1
rumanya,1
ngerasai,1
lahanya,1
keberapa,1
didiskusikan,1
kebanyaka,1
pekabat,1
bedaini,1
dibangun,1
halo,1
jtorg,1
kehujanan,1
kepanasan,1
lusuh,1
investor,1
secepat,1
aapan,1
sakarepmu,1
absen,1
inspirasi,1
rinciannya,1
bayarrrrrrr,1
gugel,1
web,1
rekomen,1
hallahhh,1
semuarakyat,1
wkwkkwkw,1
penyikapannya,1
critanya,1
janggal,1
diajak,1
nanggus,1
perwalian,1
memprotes,1
meredamgejolak,1
sprtinya,1
dicari,1
sepenggal,1
kocakjg,1
halaahhhhhh,1
hafal,1
fomo,1
maklumi,1
udik,1
nasgor,1
motoran,1
ihik,1
yakbeda,1
pendpat,1
seitu,1
sepatutnya,1
pengkianat,1
panrik,1
belagu,1
merekjg,1
dirusak,1
disalahgunakan,1
menghalalkan,1
calonnya,1
gugur,1
diturunkan,1
sediihh,1
perasaaan,1
ngemakan,1
berartikontraknya,1
dpra,1
sku,1
ahun,1
jakartaada,1
nakanya,1
tahunkarena,1
terpililh,1
siapanya,1
ngetiknya,1
jttahun,1
mikirlah,1
dinastunjangan,1
pemeliharaan,1
ganting,1
njuta,1
jugahadeh,1
perbukannya,1
hitungannya,1
budeg,1
pijet,1
bandot,1
terlaksana,1
betolmrka,1
demouda,1
bungkam,1
iyabnrd,1
menghasil,1
anggpta,1
ugal,1
ugalan,1
kalao,1
lossss,1
abangnya,1
statementnya,1
jwbannya,1
diskusikan,1
dismpaikan,1
pengaturan,1
munculah,1
klarifikasih,1
membangongkan,1
ombak,1
lek,1
jutaaaaaaaa,1
owooooo,1
save,1
berkeliaran,1
ngomgin,1
setlah,1
bulananhadeeeuhmana,1
anggaranitu,1
tahunblm,1
emandikasih,1
ituuuuu,1
utng,1
sumatra,1
sulawesi,1
ataw,1
berkali,1
otoriter,1
korut,1
tingalnya,1
susunbiar,1
ngumpul,1
dibikinin,1
rumdis,1
ditempat,1
blkg,1
kantornyai,1
belahan,1
disewakan,1
pemda,1
sendiriongkos,1
sendiridi,1
kitagaji,1
jtapakabar,1
didtempatin,1
brorumah,1
kebayakan,1
mahalkan,1
memaksakan,1
palmerah,1
siaa,1
bapack,1
nntnya,1
semuahak,1
curidana,1
csr,1
biojk,1
komisi,1
xi,1
wkwkwkwkjgn,1
diganggu,1
zag,1
ngepost,1
pikun,1
teriak,1
dikiranya,1
terka,1
tahundi,1
kekacauanterus,1
dprbnyk,1
pembaharuan,1
kepemerintahan,1
mentrianggota,1
beredar,1
lagiuang,1
mnfaat,1
jka,1
pembiayaan,1
iuran,1
mnengah,1
jtblnhal,1
thhanya,1
ngmbil,1
byrkn,1
ngansur,1
jeli,1
ultah,1
melilitngontrak,1
persis,1
disampein,1
yakan,1
maklumlah,1
ujian,1
sks,1
kebut,1
terpercaya,1
aetelah,1
konsisten,1
prodcast,1
enklah,1
menjelaskam,1
detailanya,1
lan,1
ykin,1
jakpus,1
sekamar,1
woyyyydibagi,1
thharusnya,1
serbu,1
ambigu,1
terruusss,1
eror,1
coyopaling,1
ramediem,1
senyam,1
sejatinya,1
rakyattapi,1
jon,1
wsktu,1
loem,1
tunjgan,1
angta,1
alibimasyrakat,1
nampkahi,1
skil,1
ajib,1
munculin,1
bulannyaditunggu,1
anggauta,1
miliyar,1
percayamereka,1
balikkan,1
rmhrata,1
dlllbh,1
sip,1
efektif,1
didekat,1
tunjangantunjangan,1
menjalani,1
bekerjalah,1
pantai,1
halamangaji,1
mestinya,1
ribetnya,1
kprnya,1
wanita,1
blon,1
joko,1
tingkir,1
ngehha,1
naikhaduehhh,1
literasi,1
presidenwapres,1
transparanternyata,1
dinikmati,1
coklat,1
gaesss,1
mm,1
press,1
kencing,1
dinsss,1
rumahmya,1
diluarr,1
kotaaa,1
bagun,1
dibebani,1
ngator,1
barengan,1
bus,1
efesien,1
wikwik,1
betullkucing,1
garong,1
lasokkk,1
yohann,1
capeknya,1
brangkas,1
smart,1
masyarkat,1
msyrkt,1
bermain,1
diut,1
jmlh,1
tmbus,1
ksluruhan,1
ngomongnta,1
planpercuma,1
pajaje,1
cuyymk,1
timbul,1
gaduhh,1
sebatas,1
pakkok,1
muakkkkkkk,1
rat,1
selanjutnyajtbulan,1
penjelasanmakin,1
ulangi,1
woeeee,1
apertemen,1
emamg,1
haaa,1
tkutnya,1
diralat,1
fatal,1
scroll,1
kknanti,1
nonsense,1
cemana,1
sdmnya,1
setingan,1
debagai,1
tahuuun,1
eluu,1
demger,1
nyimaknya,1
teroos,1
wkekwk,1
pembenaranmau,1
bodohi,1
darireka,1
amann,1
swbagai,1
tertipu,1
meneng,1
gantinya,1
ngeredam,1
kencring,1
bo,1
doh,1
adakebaikan,1
kasihanilah,1
merekaudah,1
kunjungi,1
sedunia,1
innalillahi,1
innaillaihi,1
rojiun,1
waoo,1
rakyatnyagmana,1
superhero,1
rakyatd,1
ukuranya,1
pintunya,1
diulujami,1
budayakan,1
semewah,1
tuaku,1
klbiaya,1
pilihnya,1
ngisi,1
prosedur,1
lengkapnya,1
disediakan,1
pendapatannatura,1
stngh,1
kewarasannya,1
kalrifikssi,1
ngubah,1
buzzerrp,1
menikahi,1
hiduplu,1
nyamanannya,1
tgs,1
brdampak,1
kasihahi,1
geser,1
sme,1
ditipuklarifikasi,1
kembalikn,1
perwatannya,1
trbiasa,1
sderhanajdi,1
duku,1
keurus,1
tapinya,1
kokoh,1
nimpa,1
kook,1
anggapnsudah,1
pkeharus,1
kesalahan,1
merekagk,1
woilaah,1
hadehhhh,1
memanggg,1
berkorban,1
raga,1
rumdinnya,1
disiapin,1
ditarik,1
negera,1
terungkap,1
kedepane,1
permintaanya,1
rumus,1
memperbaiki,1
bedabeda,1
temuin,1
berlarut,1
larut,1
what,1
auditor,1
kredibelbukan,1
disulap,1
capekk,1
statemen,1
man,1
stulh,1
jut,1
kembaliin,1
angkutan,1
mengelak,1
nyooo,1
pnsaparat,1
garda,1
perumahanbulan,1
seperempat,1
amangak,1
cash,1
adaka,1
ino,1
embuh,1
mbuhh,1
pokoke,1
judule,1
nyuamaannn,1
kono,1
isih,1
dunyo,1
cemburu,1
rumdin,1
disiain,1
dimanja,1
widya,1
chandra,1
dikaaih,1
operasionalnya,1
gaakkkk,1
merendahkan,1
perumahn,1
jangka,1
niii,1
ngejabat,1
lawakk,1
gays,1
purba,1
guantenge,1
wajahne,1
pyn,1
cak,1
belanda,1
ketek,1
bukqn,1
baiktapi,1
diikat,1
peliharaannya,1
dimulyono,1
comenin,1
bukanjtxjt,1
thjd,1
tahunlumayan,1
anggot,1
blnastinya,1
terimah,1
digelontorkan,1
mempertahankan,1
tunjanganapa,1
duiiiiiiit,1
berilah,1
aladzim,1
rahwana,1
lacar,1
matematikanya,1
percy,1
omongn,1
hebatnya,1
wkkwkww,1
penenangrakyat,1
hayo,1
gakkkngeles,1
ngibulin,1
nenangin,1
prbulnwaduhh,1
pendapatnya,1
dianggarkan,1
dibawahbukan,1
kasur,1
woooww,1
tunangan,1
puasnya,1
nggakkalau,1
menyogok,1
legislatifjadi,1
pembual,1
efisiesi,1
jumlahin,1
tahuun,1
rts,1
byuh,1
paku,1
dowe,1
tampil,1
motivasinya,1
komentarnya,1
dikomentari,1
riport,1
nimbrung,1
mony,1
luuuu,1
dprsedangkan,1
terserahlah,1
semuamuanya,1
aturudah,1
pakngkas,1
legeslatif,1
keder,1
pde,1
ngeborosin,1
beralasanbeda,1
ceritaduit,1
periksa,1
kosnya,1
pakpreeeeettt,1
tapingede,1
dibahas,1
idealny,1
sjsekitar,1
sjtanpa,1
tunjanganitu,1
mncukupimau,1
hedonnamany,1
wakilklo,1
hoiii,1
kuyung,1
rakyatmalah,1
kegedaan,1
sebulansmntara,1
sebulanngontrak,1
rakyatrakyat,1
kokslh,1
menghadap,1
opposite,1
keluaran,1
horex,1
nangkap,1
sharlock,1
omongi,1
ben,1
eeett,1
daahmuka,1
delogok,1
jaran,1
jerat,1
urusi,1
rumahtempat,1
tebak,1
asyudahlah,1
menyoroti,1
menunjang,1
gatal,1
sampingannya,1
anomali,1
oknun,1
moso,1
dipungut,1
adja,1
faktor,1
tempuh,1
syungguh,1
ambulan,1
ngibulngibulngibul,1
tetang,1
nnty,1
keceplosan,1
wisss,1
mancal,1
omongane,1
dibongkar,1
ajaaaaaaaaa,1
ngontrakkkkkkkk,1
woiiiiiiii,1
culas,1
direnovasi,1
hee,1
begono,1
eee,1
kawaaannn,1
gruduk,1
gogog,1
rumet,1
perzinahan,1
abah,1
atawa,1
bool,1
panci,1
saraf,1
jatih,1
diantarin,1
manakok,1
omonganny,1
sptember,1
bosqueitu,1
diinget,1
nggu,1
sempprulll,1
sebulanxx,1
dibodohi,1
hunian,1
umrohh,1
senggol,1
pundi,1
sua,1
wooyyy,1
oktokt,1
kampungku,1
kawasan,1
kebayoran,1
indah,1
berkisar,1
sndrimana,1
potongin,1
bosan,1
puih,1
ngaturnya,1
bermewahan,1
batur,1
siamah,1
ngadukung,1
metu,1
cux,1
jiaaahhh,1
nyangkul,1
mbahe,1
ankke,1
putune,1
rakyatlihat,1
xuntuk,1
berasnyajuta,1
nyadana,1
aspirasijuta,1
jtluar,1
dikomplain,1
telaah,1
sahabatan,1
menyesatkan,1
icwharus,1
disahkanrkyt,1
tipuy,1
tetanggaku,1
membanyaki,1
yahz,1
lagilah,1
kebelit,1
pemberitahuannya,1
pcy,1
temu,1
ajag,1
bunglon,1
viii,1
ceee,1
xxxxx,1
boncos,1
kuotanya,1
dipasung,1
perjuangakan,1
dijarta,1
berteduh,1
aniez,1
tunjanhan,1
sharingkan,1
pelosokke,1
adag,1
uln,1
gembel,1
lambang,1
nego,1
pjak,1
penganggurankalau,1
hebatya,1
babyak,1
panggilan,1
memperkecil,1
kalkulator,1
dwtnya,1
inisepertinya,1
demokah,1
dilanjut,1
penerintah,1
mengontrak,1
mengalami,1
blasss,1
gooossss,1
kolam,1
renang,1
goblkk,1
micin,1
mantaplah,1
dikluarkan,1
peiode,1
perusak,1
waedi,1
fantastik,1
disita,1
diblokir,1
discount,1
dilirik,1
damagenya,1
waaakkk,1
yeeyy,1
wlee,1
usahakan,1
realita,1
samkan,1
guruumrsy,1
difasilitasi,1
dprdkrn,1
dimasa,1
indonesian,1
jabatankira,1
cincong,1
wkwkkwkk,1
rampingkan,1
pakde,1
xjtam,1
orangitu,1
menteridprmpr,1
allahhh,1
catatan,1
mengawasi,1
pemakaian,1
mencurigai,1
kemeng,1
sirahku,1
ngrungokne,1
gumohmu,1
ngontrakmsh,1
followers,1
kobra,1
monyong,1
pencet,1
tingga,1
rumahuntuk,1
perempat,1
trilyun,1
rutinitas,1
memenuhi,1
berprofesi,1
iuuhh,1
transaksi,1
liztrik,1
sepatu,1
benersoalnya,1
dberi,1
thngilaaaaa,1
pemborosannnnnnn,1
takmampu,1
berbelanja,1
dikelola,1
mksudnya,1
membenarkam,1
itubikin,1
perjelas,1
membaraaa,1
woooi,1
reformasi,1
disemua,1
memprovokasi,1
indikasi,1
menggiring,1
memperkeruh,1
komenyajgn,1
nyeleneh,1
masrakat,1
sensitiv,1
mengomentari,1
manusua,1
buzzzer,1
didatangi,1
cecurut,1
keramas,1
perilaku,1
monkey,1
tengik,1
tlpon,1
sbsar,1
internet,1
woooeeee,1
hormati,1
mudeng,1
stand,1
komedia,1
juara,1
penganggaran,1
pengadaan,1
bedes,1
onok,1
permak,1
hancurnya,1
cecunguk,1
jutamah,1
zerrr,1
mamaknuan,1
kluarganya,1
mengenaskan,1
jengglot,1
macasm,1
plesetin,1
jidatmu,1
kedok,1
deni,1
menengok,1
tunjanganaya,1
omonganmu,1
mburi,1
peng,1
ngrampas,1
dicerna,1
dpikir,1
kaprah,1
mengontrol,1
itukalau,1
kusus,1
rencanakan,1
ngalar,1
kampanyeemang,1
larva,1
sisiall,1
band,1
ditanggapi,1
akunnya,1
anggdpr,1
umrhilangkan,1
ditunggu,1
mengakses,1
dprkalau,1
kelanjutannya,1
senator,1
babak,1
cuannya,1
tidka,1
san,1
slamanya,1
djlskan,1
sethn,1
outsourching,1
allibi,1
daan,1
dibuatkan,1
bozz,1
pendapatannya,1
ajaaturan,1
nyai,1
pribadinyakenapa,1
blmjtknp,1
lagitinggal,1
gantian,1
selesaijd,1
ltas,1
dinaslebih,1
percayagaji,1
transpran,1
waouw,1
dear,1
daco,1
gorok,1
dulll,1
belarakyat,1
wooooih,1
pimter,1
kibul,1
woooiiiih,1
jaleg,1
bdohnya,1
diuraikan,1
pakberani,1
dalang,1
perancangan,1
kutabulan,1
dewa,1
fipake,1
cairkan,1
dprkoq,1
blungon,1
isuk,1
maleh,1
issu,1
rsiko,1
rm,1
susahbener,1
palsu,1
pkir,1
sihjangan,1
pelaku,1
mahmud,1
dipercayabanyak,1
belokanmu,1
berkelas,1
cocot,1
dprrimau,1
rikrn,1
jelasrakyat,1
kontrakmahal,1
sbulanbilang,1
dikorup,1
belengep,1
dewannya,1
sekretariatan,1
sertakan,1
mrmberi,1
ditunjukan,1
drumah,1
terkecuali,1
plang,1
rakyatkenaikan,1
bangetse,1
woiiiiudh,1
bulntrs,1
jmbtan,1
rumahcoba,1
dinkasih,1
ssbenarnya,1
kontrakane,1
tombol,1
anyiiiiiiir,1
brgindang,1
pebulannya,1
dibatalkan,1
keburu,1
tipunya,1
jarshan,1
muaktak,1
enaak,1
ua,1
aspiraai,1
pantaa,1
lahemang,1
dikontrakkan,1
lagipake,1
busyeett,1
benerrrr,1
jutu,1
abaikan,1
enakke,1
deresrakyat,1
pajakhuuu,1
bpkmau,1
nawar,1
tunggal,1
sajakahkenapa,1
detailnya,1
susasana,1
aruran,1
tertulisnya,1
well,1
jutasetahun,1
woeyyyyy,1
aaaaaaaaaaaaaaaaaahlier,1
mikiran,1
kumha,1
maraneh,1
donnkk,1
pemerintahnya,1
baiknya,1
adakan,1
jugairu,1
glran,1
amanstop,1
nijujur,1
pakyakin,1
menyiksa,1
kemaruk,1
terhingga,1
mala,1
pinternya,1
memanipulasi,1
moncongmu,1
hamburkeduit,1
seenake,1
dwek,1
batako,1
besi,1
genteng,1
bisany,1
kalkulasi,1
trimksh,1
kadan,1
mie,1
instan,1
ngotot,1
rakyatudh,1
ajaabs,1
adasy,1
rumahmemang,1
hala,1
menghilang,1
rumahini,1
jha,1
ngambang,1
sudaha,1
ptotes,1
brenti,1
dibohongin,1
dibatalinparah,1
jiiirrrrgede,1
baangg,1
perthn,1
wat,1
takan,1
laanggota,1
sendirisampai,1
lgya,1
jesusah,1
jar,1
lagidarimana,1
bayari,1
negaratranspot,1
brkt,1
berasya,1
pdr,1
pendidikannya,1
bpkngelesnya,1
semia,1
yoiki,1
garai,1
mangkel,1
anggita,1
disiapkan,1
mgiritrakyat,1
lagilogika,1
disnas,1
sllamanya,1
angaran,1
peningsingkat,1
kecubung,1
mewahan,1
naskah,1
waooww,1
penghisap,1
patutlah,1
juang,1
sayangnya,1
jutamasak,1
jutamereka,1
maksa,1
penghuninya,1
gonoh,1
mrt,1
trans,1
jutanan,1
mendaptkan,1
jtuang,1
drman,1
benerrr,1
katanye,1
buanyak,1
tunawisma,1
truss,1
anngota,1
jutaorang,1
thga,1
terbaik,1
gitudpr,1
serok,1
trik,1
ajar,1
wooou,1
ajapaham,1
krediit,1
mobiltunjangan,1
wkakaakaka,1
labirin,1
kesalhansudh,1
semgunyiin,1
rembuuk,1
sendirieh,1
kaliandg,1
jidatrumah,1
misuh,1
caaaah,1
setrlah,1
pakjejak,1
sz,1
sesak,1
napas,1
dengarnya,1
saza,1
koriupsi,1
bulanlalu,1
hedewww,1
rakuslah,1
seterah,1
ooohrupanya,1
tidurbterus,1
manatau,1
politiknya,1
ijazahnya,1
tesewarumah,1
kurangan,1
mangkarak,1
penghematan,1
anjoy,1
des,1
kutip,1
hadeeuuuh,1
gencet,1
objektif,1
konfirmasi,1
melegakn,1
dukasih,1
masingmasing,1
efficient,1
direkturnya,1
xlo,1
ibukota,1
djbiayai,1
nyarumah,1
yl,1
dprcuma,1
pakmasa,1
sekaliber,1
tinggalkalo,1
plarakan,1
kui,1
disejahterakan,1
bilangnyaitulah,1
ganjil,1
aktifkan,1
kadir,1
golkar,1
rancangan,1
sepakati,1
memohon,1
jtatahun,1
dikiraax,1
buatno,1
sudi,1
relacatat,1
bersalah,1
pertanggungjawabnnya,1
dimanipulasi,1
sepwrti,1
natuna,1
pdalah,1
justifikasi,1
nikai,1
nilainpembading,1
aprisial,1
diberlakukan,1
basa,1
setelahnya,1
ndiri,1
pntesan,1
koyo,1
dicurigai,1
elah,1
percepat,1
gilakk,1
pengawasnya,1
ngeyel,1
wallet,1
kontrakann,1
menjual,1
mengiurkan,1
penggantinyaraktyat,1
kecele,1
xbulan,1
kepake,1
ks,1
pakapakah,1
goib,1
xperbulan,1
perumhan,1
beraktifitas,1
menampung,1
kahenak,1
duitnyaitu,1
peduliterlihat,1
membagi,1
rakyattpi,1
semu,1
uangx,1
kawallllll,1
truusss,1
gandeng,1
teuing,1
mahpud,1
terimanya,1
informasibisa,1
anarkis,1
baikot,1
serukan,1
dewanmakmur,1
rakyathadeeuuuhhjjj,1
kontrakanknp,1
bodoin,1
uangkan,1
pelanggaran,1
belangsak,1
lupada,1
perbulanya,1
tiku,1
baaang,1
mengada,1
wiiihhhh,1
setahunwooowww,1
adalh,1
tuanmu,1
maksudnyajatah,1
tahundicairkan,1
ditahun,1
pertamajadi,1
tahunpintar,1
ngibultahun,1
orangluaaaaarrrrrr,1
biasaaaaaablm,1
dlltetap,1
pakklo,1
marketing,1
tercapai,1
xthn,1
masajabatan,1
dipelintir,1
rampoknya,1
urungkan,1
oktobernge,1
publikasi,1
kansetiap,1
kefublik,1
ngpn,1
pertahunmkaa,1
benerbahasa,1
ruar,1
klaripikasinya,1
penapsiran,1
orf,1
ajaapa,1
geruduk,1
wargamu,1
perusaan,1
pensiunya,1
kebih,1
keciiiil,1
rahasia,1
kabulkan,1
setujukan,1
mampubukan,1
andaikan,1
bertahap,1
terealisasi,1
yakok,1
pakanggaran,1
sebulanya,1
hejawab,1
krlas,1
dibaca,1
jutajd,1
jeeti,1
ngejelasinnya,1
disekitar,1
kompleks,1
kemacetan,1
diuangkan,1
nurul,1
perumdinas,1
pakmau,1
inianj,1
kemnh,1
risuh,1
stujuh,1
riel,1
cost,1
nginap,1
korupsipunglirakyat,1
kemudahan,1
melalaikan,1
menjebloskan,1
kebisaan,1
temurun,1
terulang,1
perintah,1
dosanya,1
melambung,1
permainan,1
mengkeruk,1
santuy,1
srh,1
putusannya,1
open,1
dapatnya,1
celaka,1
kase,1
penjual,1
pasar,1
bekah,1
ngerugiin,1
notaben,1
masukkan,1
ngeheng,1
blablabla,1
sebentar,1
pisau,1
karatan,1
tirani,1
bulantidak,1
akaln,1
dul,1
ajakalau,1
dikalkulasikan,1
berapasementara,1
memamg,1
atao,1
pemain,1
menghabis,1
duet,1
bpkkenapa,1
dprdberbeda,1
ikuti,1
sahaja,1
piur,1
memajakan,1
penghacur,1
skemanya,1
agenda,1
marsh,1
hahaaa,1
gubukwakilnya,1
jetu,1
sangsi,1
kemenag,1
kua,1
lamjut,1
before,1
and,1
after,1
bejirrr,1
gentle,1
perumahannegara,1
perumahankan,1
plansudahlah,1
mthn,1
wi,1
kontrakrumah,1
kyalnya,1
mengademkan,1
pindahan,1
asett,1
butuhkan,1
mampuz,1
harganye,1
kesihan,1
ditinggal,1
sedangka,1
biadab,1
memutuskan,1
rapbn,1
dirampingkan,1
menjerumuskan,1
ru,1
namanye,1
percayahapus,1
pentingitu,1
mejadi,1
neggara,1
gimnaaa,1
pakcoba,1
pakjt,1
dikisaran,1
staff,1
trililiun,1
dadco,1
ate,1
giman,1
bla,1
pejelasan,1
bah,1
tenggorokannya,1
dibyarin,1
molah,1
malihwis,1
pcat,1
waduhhhhhhh,1
hsl,1
hiliiiih,1
evaluasi,1
hla,1
enakucap,1
diubah,1
ngelescom,1
berhentinasib,1
dprcoba,1
dahtanpa,1
apatinggal,1
ajapasti,1
konrakan,1
gedabruz,1
lagiparah,1
blnkit,1
pinjm,1
jtlunas,1
tahunya,1
dibangunkan,1
bias,1
mengatas,1
wuih,1
segeer,1
peride,1
beneeerr,1
itungin,1
jeremi,1
memiara,1
dewangokil,1
hoii,1
bertulang,1
jumlahx,1
sinting,1
gedong,1
transformasi,1
demobaru,1
rubahakaii,1
mkax,1
elite,1
laineee,1
benarnya,1
rancang,1
kumur,1
cuuumaaaan,1
konglomerat,1
bergaya,1
pemencatan,1
edeeeeeh,1
gasing,1
kontra,1
hitunglah,1
pembisik,1
fungsionalnya,1
ceperannya,1
buatbkontrak,1
pakanggota,1
calonkan,1
utusan,1
partaijd,1
merekaminta,1
lahini,1
masyarakatresiko,1
dibenarkan,1
pendek,1
wedew,1
wooooy,1
trang,1
film,1
sudahngga,1
terlambat,1
gpn,1
negarabukan,1
presidendpr,1
pengabdi,1
paknanti,1
memegang,1
dijarah,1
rumahnha,1
bbyk,1
sekarangatau,1
bedo,1
golek,1
widih,1
apaansi,1
langkat,1
persulit,1
mendaftar,1
minat,1
nohhh,1
cpnscasn,1
pendaftar,1
membludak,1
plisss,1
dirubah,1
hmmm,1
permohonan,1
dach,1
sabulan,1
indomiegila,1
sekantor,1
keterangannya,1
kong,1
kalikong,1
bunganya,1
woyylajhh,1
habissssss,1
pikirrrrrrrrr,1
pasanbuktinya,1
lord,1
sabda,1
turutin,1
rakyatbiar,1
alus,1
bancakan,1
rakyatnegara,1
integritas,1
sense,1
off,1
crisis,1
gelo,1
pisanrakyat,1
pedesaan,1
silaturahmi,1
domisili,1
okngontrak,1
memantau,1
lapor,1
sepelekan,1
peringatan,1
pad,1
meloroti,1
jeluntrunganya,1
emanknya,1
parahhh,1
sangkuning,1
aslinyaklo,1
jelli,1
esok,1
bengi,1
nyieun,1
emes,1
gera,1
imahna,1
jauhmeni,1
jaba,1
deuih,1
gaaas,1
jtwooow,1
sekaliumr,1
itukasian,1
rakyatnyapdhl,1
rakyatdan,1
elitpun,1
transparanga,1
berwujud,1
laba,1
totalan,1
kembalian,1
ucapkan,1
entek,1
rrmh,1
pamrih,1
nusantara,1
gegung,1
jelasinnya,1
disamakan,1
bobol,1
respect,1
datangnya,1
biawak,1
umkdan,1
masayarakt,1
trasportasi,1
sehabis,1
dascoapa,1
iniklo,1
berontak,1
utekmu,1
nagislah,1
kosok,1
baroga,1
koplokimah,1
dipangontrakeun,1
perumahanaya,1
tive,1
uwang,1
tkang,1
cilok,1
oooo,1
sebulancoba,1
diaudit,1
transafaran,1
pengakuannya,1
kontrakmasa,1
menepati,1
memelihara,1
bertanggung,1
sewajarnya,1
akehmen,1
plinplan,1
bostunjangan,1
rapatnya,1
ajiiibbb,1
ngontra,1
silat,1
hakiki,1
memanjakan,1
bawahan,1
nyulut,1
digerus,1
mikirrrr,1
slhbingung,1
mstinya,1
besarran,1
kmh,1
rapatsemua,1
rakyatcoba,1
ceunah,1
ngangsur,1
ngmmg,1
wara,1
wiri,1
toel,1
perbulanbuat,1
dapatngontrak,1
sendirikan,1
congor,1
bidohi,1
kdpan,1
gedetapi,1
itugimana,1
marahuang,1
gudal,1
ayem,1
seibang,1
anjiirr,1
cuiiii,1
ajegileeee,1
telusuri,1
gaees,1
wowwistimewa,1
belunder,1
nihyaqin,1
hadirbiasanya,1
tandatangankaaaannnn,1
desco,1
sad,1
of,1
said,1
pnjlsanya,1
ngitungnya,1
mulainya,1
xumr,1
brktnyag,1
garuk,1
tandanya,1
sejiwahanya,1
dipersilahkan,1
detektif,1
cas,1
mtk,1
jlindramayu,1
statistik,1
nof,1
bambu,1
duren,1
mandar,1
bintaro,1
tangerang,1
selatan,1
banten,1
karang,1
noc,1
rtrw,1
setiabudi,1
minus,1
tnda,1
tnyasamar,1
trnparan,1
kedebong,1
gusti,1
mboulet,1
diotw,1
ehehehe,1
wkkwkwkwkw,1
tersudut,1
berubahubah,1
sukanya,1
ratuan,1
halaman,1
kontraan,1
pendapayannya,1
ngantor,1
gilee,1
kelaparanbayangin,1
bulancobak,1
ratos,1
pungsinya,1
itucobak,1
renungi,1
baikjngn,1
jidat,1
kebobrokan,1
skenario,1
sutradara,1
pameran,1
semuadah,1
mrekajd,1
crita,1
dusta,1
mewahrakyat,1
pajakbayar,1
jttahuncarinya,1
pantingkalian,1
rakyatgimana,1
deposit,1
jutath,1
ketu,1
kontrakin,1
broooo,1
share,1
pembayaran,1
padahala,1
rawat,1
jtbukan,1
ktahuan,1
memutar,1
blikn,1
faktay,1
membungkam,1
blokir,1
brutal,1
bercerita,1
dongjgn,1
menggarong,1
nyaamaza,1
nyagblooook,1
diterlantarkan,1
gesss,1
rumusnya,1
teranginbelom,1
ikhlass,1
najiisss,1
gc,1
rumahknpa,1
biasalah,1
kesilapan,1
brhnti,1
oiii,1
asramabarak,1
menandakan,1
oktoberc,1
njeplak,1
jutaxbulan,1
baktinyagilauang,1
disenayan,1
bablas,1
upin,1
ipin,1
diperbaki,1
bunyi,1
atik,1
besaritu,1
mening,1
bayaringua,1
rameterus,1
tahunpercaya,1
tahuntunjangan,1
pamitan,1
dipiran,1
kehed,1
mengarang,1
tendang,1
siasia,1
busyetttt,1
percayamau,1
berbusa,1
sistim,1
rakyatzonk,1
jutaorg,1
dmngw,1
ketemupengen,1
sayatolong,1
penguasa,1
pergantian,1
penrnyataan,1
laaaa,1
mung,1
kin,1
halnya,1
retorika,1
menghamburhamburkan,1
ketum,1
nagihnya,1
nagis,1
guling,1
gulingan,1
sepak,1
sendirisetau,1
bonusenak,1
amakan,1
menjabatkok,1
pertahunya,1
kenaapaaaa,1
elittt,1
kurangdpr,1
oranglebih,1
jahat,1
puramiskin,1
bergelimang,1
kejar,1
beritanya,1
prof,1
pundak,1
mlbihi,1
rmg,1
sufmi,1
syuuu,1
stir,1
blunders,1
keteranagan,1
kuranng,1
wkwkwkkww,1
tikuss,1
melintir,1
tunjangana,1
calo,1
makelar,1
lgsudah,1
menghamburkan,1
cuxx,1
anjaayyyyy,1
yaudah,1
rincikan,1
pakpns,1
blan,1
dmnasdsh,1
kmanamikir,1
ituitu,1
hhahaa,1
kualifikasi,1
benarklo,1
semono,1
gedene,1
laren,1
kariawan,1
brooo,1
lucunya,1
sepakat,1
cuyyyy,1
coyyyy,1
muhak,1
tgg,1
ngkost,1
rph,1
lebihtinggak,1
dihotelpun,1
perkecil,1
ngontrakkocak,1
ahgw,1
seblak,1
kocakkocak,1
ditarget,1
trasparan,1
kesoni,1
town,1
house,1
berputar,1
mengakibatkan,1
kpda,1
berbenah,1
paparkan,1
diaturah,1
blnxjt,1
kemena,1
matek,1
jlimet,1
rumhgila,1
woouuyyy,1
kisruh,1
transparasi,1
validasinya,1
nyaperbulan,1
simple,1
digubris,1
lekkk,1
terekspos,1
bicarakan,1
dbyr,1
takkkk,1
rusakkkkk,1
aladzimx,1
pjkterus,1
poya,1
xngontrak,1
preettttlah,1
buattt,1
apaaaa,1
pjakkkk,1
dilawan,1
perbarui,1
nieh,1
diwakilinya,1
gj,1
tidaktahumalu,1
kocaaakbeda,1
enal,1
bayarn,1
toll,1
pensil,1
tersbut,1
impian,1
bergizi,1
nayar,1
penempatan,1
smaa,1
brti,1
trsmembela,1
diridah,1
hlm,1
dapilaspirasi,1
fana,1
tsrbt,1
smuanya,1
padai,1
selayak,1
pertamakita,1
sda,1
danantara,1
ambeklah,1
galo,1
kembu,1
bantai,1
pretttt,1
maca,1
satuan,1
kalin,1
ansuransi,1
nilaix,1
melucu,1
itungannya,1
perbulanberarti,1
tahunjadi,1
susahniatnya,1
wowwehauuu,1
dadakan,1
ngada,1
amet,1
pecus,1
akallan,1
sogokan,1
preode,1
sandiwara,1
apalagihebatsusunan,1
mngibuli,1
pengahasilan,1
ngelak,1
kemayoran,1
metro,1
mini,1
bersrti,1
rupuah,1
kemren,1
namai,1
skarag,1
jelasan,1
pertanggungjawabannya,1
sepanjut,1
baruuu,1
terusssss,1
gonta,1
penjelasanmu,1
klarifikasimu,1
bhan,1
ketawaan,1
cuaca,1
upahnya,1
perpanjangan,1
tempepretttt,1
sajajgn,1
hidupenak,1
dibelikan,1
spek,1
perum,1
siurpasha,1
bohongin,1
anggt,1
mengakui,1
diperoleh,1
beratusratus,1
meresahkan,1
pakpenjelasan,1
bedakami,1
bodohiningat,1
pertanggungjawaban,1
kays,1
dibiaya,1
sejalan,1
terhormatkan,1
asnpegawai,1
pelayanan,1
mpuk,1
spbu,1
tembok,1
bosini,1
rayap,1
bersinya,1
eeeek,1
belititu,1
yahhhhhhh,1
ajaaaaaa,1
kelimpungan,1
permintaan,1
blahblah,1
pov,1
corla,1
muakkk,1
krisdayantoi,1
woee,1
mbangun,1
ngi,1
soir,1
napaaaa,1
ish,1
jossssss,1
pabrikga,1
tunjanganmasi,1
dprparahemnag,1
gbaada,1
negarakacau,1
sknya,1
ajirrr,1
ngibulnya,1
blnbiar,1
iniwkwkwkw,1
enakkanggota,1
sipil,1
micky,1
mouse,1
kii,1
booooosssss,1
embelcukup,1
pokokbaja,1
diturun,1
pwnerimaan,1
preetttt,1
nganggar,1
broa,1
karja,1
tunjanagan,1
gatel,1
psk,1
sengsarakan,1
rumahpun,1
belut,1
ubtuk,1
tertangkap,1
nyaemang,1
dascoookkk,1
angsurannya,1
duluini,1
ngotrk,1
indonesiaku,1
mengalihkan,1
pandangan,1
politusi,1
uripmu,1
tsnda,1
lantik,1
perampaaan,1
majaki,1
terjangkau,1
istanah,1
teknisnya,1
nipu,1
dibengkalaikan,1
komloptan,1
benerkan,1
nangkepnya,1
kwkwkw,1
mic,1
gawa,1
iganti,1
titipan,1
donggsahkan,1
at,1
kunkerwoww,1
kontakan,1
senengmu,1
swmua,1
pwnjelasanmereka,1
masy,1
berpenghasilan,1
dibwh,1
titel,1
bererot,1
bapakibu,1
baikbaik,1
batasi,1
ngomongg,1
atlit,1
macamnya,1
celah,1
rapatkan,1
dipajak,1
penjara,1
ketimbng,1
alih,1
keladi,1
demonstrasi,1
berbicara,1
millar,1
jabatanjt,1
bajay,1
sehatnya,1
legkapdetail,1
marmer,1
lantainya,1
usaah,1
halaaah,1
dikemayoran,1
yahxkckckxkxkx,1
segrah,1
permpasan,1
lia,1
hamburkan,1
selimut,1
diharuskan,1
mengangsur,1
bascox,1
perbulanwoopadahal,1
kontran,1
mewahjadi,1
rakyatcma,1
sndrikarena,1
mengorbankan,1
kebangun,1
kebayar,1
pppk,1
paruh,1
swadaya,1
agt,1
ngirungnya,1
sukamulah,1
lagiapalagi,1
kerjamu,1
nqnti,1
jawabkanlah,1
dihadapannya,1
sinten,1
radue,1
kiih,1
konohakonohakonoha,1
dprpajak,1
ngantornya,1
hedonis,1
kamuflase,1
lanjutkan,1
musyawarah,1
koordinator,1
sepengetahuan,1
diambil,1
melibatkan,1
sekarangharus,1
sekarangawas,1
amannya,1
dipikirim,1
sampean,1
tanyaa,1
bervariasi,1
laporan,1
menyebut,1
sidangpaket,1
pengawasan,1
aspek,1
potensi,1
penghapusan,1
relatif,1
sampi,1
jebot,1
ngontral,1
keterangany,1
paok,1
motivasi,1
mls,1
ngenak,1
muahal,1
gileeee,1
buay,1
bulandi,1
gaweanmu,1
jlok,1
foreigner,1
watching,1
here,1
who,1
elected,1
members,1
tnggluang,1
euy,1
cpns,1
didaerah,1
hemmm,1
diungkap,1
dipa,1
asean,1
sehebat,1
kaliantoh,1
timurekonomi,1
hncur,1
pali,1
benang,1
merahnya,1
disahkanselama,1
takutmalah,1
aktual,1
anjirmkan,1
hany,1
komplotan,1
biat,1
berpuluh,1
meter,1
inifix,1
perbualan,1
konsistenbubarkan,1
jalansiapa,1
selaman,1
tahunwouuuh,1
sangkar,1
ciehhhh,1
aniyaya,1
ekonominya,1
sewanya,1
othak,1
athikiso,1
yagak,1
adoh,1
manatolong,1
disingkirkan,1
kokkasian,1
pakberapa,1
dikeluarkan,1
tercekiksusah,1
sajaa,1
tampakk,1
subiantori,1
irmansyah,1
mewaah,1
aamaat,1
golonganya,1
pkokny,1
ituenak,1
mlberak,1
jutatahun,1
manfaatin,1
mengiris,1
ngaret,1
lambene,1
menclekyk,1
nilaiy,1
kampanyee,1
kamar,1
dajal,1
kekayaaan,1
rmhtanah,1
terjual,1
bansosuang,1
xblnjtblntahun,1
pabeulit,1
pisan,1
dprieu,1
yeh,1
ngakalin,1
perjls,1
brondong,1
mengeruk,1
latar,1
bicaralah,1
sesuka,1
awam,1
percayacoba,1
tuatau,1
nntisemoga,1
pakharto,1
flat,1
dikolong,1
haous,1
pandainya,1
wakilin,1
hanyaaa,1
persi,1
sudalah,1
ajaaaaa,1
bedebah,1
membohongi,1
merancang,1
sebangatnya,1
narasinya,1
niiii,1
partaimu,1
bicaramu,1
hallahhhhwes,1
pakuang,1
pajakkuuang,1
demodan,1
sekarangtau,1
kantauuuuulah,1
chaos,1
gagasan,1
mark,1
print,1
koran,1
dapatkan,1
sdgkan,1
ngerampok,1
edarannya,1
stegmen,1
dprdpr,1
final,1
keterbukaan,1
mutertapi,1
perbulanmasa,1
chanel,1
dimasukan,1
kossan,1
gaeees,1
het,1
gawean,1
ngitungin,1
dittd,1
tampilkan,1
sprin,1
bribet,1
stemen,1
vario,1
silan,1
suusah,1
gambleh,1
bodol,1
uteke,1
miring,1
dasmudasmu,1
ngontrakhilang,1
digji,1
btl,1
kesemua,1
better,1
informasinya,1
separo,1
testing,1
water,1
wkwkkk,1
keturunanmu,1
akses,1
gelooooooo,1
discripsi,1
huhhhhh,1
sbulanjt,1
mempercayai,1
umatingat,1
umat,1
uweeeyyyy,1
kerap,1
dibohongi,1
rumahkerja,1
kagaktahun,1
october,1
dikadalin,1
die,1
penghsilan,1
sensitive,1
msalh,1
ekonmi,1
stabilbuat,1
panen,1
ggl,1
pnen,1
bernapas,1
bersykur,1
negars,1
berdalih,1
berhentikan,1
rakyatmemilih,1
dihentikan,1
woiii,1
dgunakan,1
rehap,1
dpakai,1
fahamitu,1
galak,1
duwe,1
umah,1
su,1
pajakanggota,1
besartanpa,1
pajakadilkah,1
berlanjutt,1
paduka,1
ndodos,1
ngimas,1
melepah,1
perketaan,1
dbkinin,1
hja,1
makandpr,1
ngomongnyanudah,1
kwitansinya,1
uangnnya,1
politikus,1
dibeberapa,1
untul,1
menyakinkan,1
berjalanini,1
statemennya,1
mlukek,1
membesar,1
drp,1
plantar,1
plintir,1
buaya,1
dw,1
istirahat,1
nutupidikira,1
dobol,1
genz,1
diterusinlaahhh,1
awasikemarin,1
kaliannnnn,1
berkomunikasi,1
yhhhh,1
liciknyakah,1
memasukan,1
pasalpasal,1
kontrofersi,1
dicegah,1
pemerintahkah,1
mengesampingkan,1
dprkah,1
partaikah,1
dprndapat,1
kesepakatan,1
subtansinya,1
miliarbulan,1
menanggung,1
darat,1
tenan,1
sandang,1
mbohlah,1
diulang,1
buseeetttt,1
nyiksa,1
bubarakan,1
ngabis,1
ug,1
jalannya,1
kemauannya,1
sekenario,1
ngerehap,1
tempatnya,1
keyakinan,1
mengganti,1
rumahdasar,1
menyelesaikan,1
pajakku,1
dipke,1
kios,1
wew,1
pemberi,1
penerima,1
peyalamat,1
ngaada,1
porkes,1
percayaaaa,1
lunasin,1
sayaenak,1
brefing,1
hayuk,1
dsalah,1
kitaaaaa,1
kayain,1
alas,1
luasan,1
pers,1
rumahe,1
kesempatan,1
mencuri,1
mahtaplah,1
mintai,1
beta,1
narsistiknya,1
jatuh,1
dprmilyaran,1
unting,1
pae,1
superrr,1
kecewaaaaaaaa,1
terjeritjerit,1
cut,1
perdana,1
demotimbulklarifikasi,1
bnar,1
percayamaaf,1
babar,1
modelanmu,1
bebani,1
kenalan,1
purna,1
direalisasikan,1
aseli,1
pakbuanyak,1
kere,1
mlaratitu,1
terussuang,1
paa,1
daunn,1
pluto,1
sapu,1
wkwkwkwkwk,1
widyacandra,1
mengharapkan,1
fee,1
proyet,1
semuajelas,1
kepermukaan,1
oktbr,1
slrh,1
mlem,1
ptong,1
bsdh,1
ngra,1
dibambut,1
betsikap,1
ngontrakbuat,1
udaa,1
kontrakudah,1
tunjagan,1
cilokbanyak,1
nambahi,1
lainbasidasar,1
nyidak,1
rakyaknya,1
sholat,1
triknya,1
mengerikan,1
menguras,1
pengesahan,1
hran,1
sayaserba,1
semuasedangkan,1
rakyatknp,1
kardusbiar,1
sebutan,1
pegganti,1
miskinmasak,1
cil,1
masakanya,1
dapurmya,1
komposisi,1
bol,1
genjol,1
ngelawakk,1
temannya,1
kerakyatnya,1
sesuah,1
pimpinannya,1
pos,1
inisudah,1
paleng,1
pipinya,1
tembemmasih,1
zona,1
briefnya,1
uturn,1
corner,1
gunay,1
jgmna,1
jumlahyenk,1
kbgian,1
susahy,1
doanknegara,1
yakali,1
awakke,1
lemu,1
toilet,1
berpesta,1
hasilkerja,1
nyangekost,1
menlindungicapek,1
pemilohan,1
nggaji,1
diributkan,1
imformasi,1
peredam,1
kritis,1
gitug,1
kontrkn,1
jtini,1
plig,1
sihbpk,1
anjjjjing,1
tunjangnny,1
sedngkan,1
mamps,1
cius,1
begtu,1
reka,1
pengayom,1
boikot,1
gess,1
sistemnnya,1
dikontrakin,1
mastiin,1
flexing,1
belah,1
oktoberpun,1
andaaaaa,1
standup,1
comedy,1
jonggol,1
tolollll,1
miskn,1
f,1
supya,1
megelu,1
pajaki,1
mogokpajak,1
berpendapatan,1
tegakkan,1
pancasila,1
besarjuga,1
